账号,内容,时间,转发数,评论数,更多评论_链接
新京报,【#王凤雅案宣判作家陈岚致歉#：未作核实便谴责凤雅妈妈 向其道歉】27日晚，@作家陈岚，在其个人微博中发布道歉声明并置顶称，在凤雅的救助案中，未作核实便在微博发文谴责，言辞激烈，侵犯了杨美芹女士名誉权，她尊重法院判决，向对方道歉。12月2日，王凤雅家属诉陈岚名誉权纠纷案在上海闵行法院开庭宣判，判令陈岚通过新浪微博以置顶30日的方式，向原告杨美芹书面赔礼道歉，同时需赔偿原告杨美芹，精神损害抚慰金5000元和律师费5000元。L新京报我们视频的秒拍视频收起全文d,2019年12月28日 10:37, 转发 81,评论 111,//weibo.com/1644114654/ImPMKhXVw
新京报,【败诉后#陈岚称将起诉小凤雅母亲#小凤雅家属：奉陪到底】12月2日下午，王凤雅家属诉陈岚名誉权纠纷案在上海市闵行区人民法院开庭宣判，判令陈岚通过新浪微博以置顶30日的方式向原告杨美芹书面赔礼道歉，同时需赔偿原告杨美芹精神损害抚慰金5000元和律师费5000元。陈岚发微博回应称，将起诉王凤雅母亲杨美芹，并要求其向社会公开为王凤雅筹集的4万元治疗费用去向。王凤雅爷爷王太友接受记者采访时说，对判决结果比较满意，如果陈岚继续上诉，自己和家人将奉陪到底。L新京报我们视频的秒拍视频收起全文d,2019年12月02日 20:40, 转发 36,评论 103,//weibo.com/1644114654/IiWCAETKe
中国新闻周刊,【#王凤雅案宣判后陈岚致歉#：未作核实便谴责凤雅妈妈】12月27日，@作家陈岚发布道歉声明称，在凤雅的救助案中，未作核实便发文谴责，侵犯了杨美芹女士名誉权，向对方道歉。12月2日，该案在上海闵行法院开庭宣判，判令陈岚向原告杨美芹赔礼道歉，同时需赔偿原告杨美芹精神损害抚慰金和律师费。@新京报我们视频L新京报我们视频的秒拍视频收起全文d,2019年12月28日 11:34, 转发 21,评论 18,//weibo.com/1642512402/ImQ9SAsrf
新京报我们视频,【#陈岚被判向眼癌去世女童母亲道歉#且置顶30日】12月2日，王凤雅家属诉陈岚名誉权纠纷案宣判。法院宣布，判令@作家陈岚通过新浪微博以置顶30日的方式向原告杨美芹书面赔礼道歉，同时需赔偿原告杨美芹精神损害抚慰金5000元和律师费5000元，对其他损失，因依据不足，未予支持。#小凤雅家属诉陈岚案开庭#L新京报我们视频的秒拍视频收起全文d,2019年12月02日 18:44, 转发 8,评论 24,//weibo.com/6124642021/IiVRDt3Qo
新京报动新闻,【#陈岚将起诉眼癌去世女童家人#：要求告知其所捐善款去向】12月2日下午，眼癌女童家属诉作家陈岚名誉侵权案一审宣判：陈岚在其新浪微博中向原告书面道歉，赔偿原告1万元。此前，陈岚称王凤雅家属疑似骗捐。当地政府调查后确认，王凤雅家人未挪用筹来的善款。事后陈岚曾发微博致歉。陈岚表示，自己曾为王凤雅捐赠两千元善款。据她所知，这笔善款并未使用，她将就此提起诉讼。（综合）@新京报L新京报动新闻的秒拍视频收起全文d,2019年12月03日 10:54, 转发 15,评论 51,//weibo.com/5463794433/Ij2du5vWx
贵州省未成年犯管教所,#小未普法#【网络不是法外之地！王凤雅亲属诉陈岚案一审宣判】2日下午，河南女童王凤雅亲属起诉作家陈岚侵犯名誉权一案在上海市闵行区人民法院一审宣判。法院认为，陈岚的部分言论产生名誉侵权事实，判令其向原告赔礼道歉，并予以赔偿。尊重表达者的合法言论，也捍卫每位公民的名誉与尊严，法律为一切合法权益保驾护航！L一手video的秒拍视频#陈岚被判向眼癌去世女童母亲道歉#收起全文d,2019年12月04日 20:40, 转发 32,评论 25,//weibo.com/3569193894/IjftC8mt8
买家张俊,#陈岚被判向眼癌去世女童母亲道歉##小凤雅案认定陈岚侵权#12月2日下午，备受关注的眼癌女童凤雅家人诉陈岚名誉侵权案宣判，判决陈岚于判决生效之日起十日内在其个人实名微博上持续置顶三十日发表对原告杨美芹（即女童王凤雅母亲）的道歉声明；判决陈岚赔偿杨美芹精神损失费五千元。被告陈岚表示要上诉，并且要起诉杨美芹归还她捐赠的两千元，并且作为捐赠人，要求杨美芹公开4万余元善款去向。我认为这个案子， 陈岚上诉也会被驳回，她的用词，确实侵犯了杨美芹的名誉权。而且她又要杨美芹归还捐款，又要以捐赠人身份要求公开所有善款去向，貌似这个作家的逻辑不太好。陈岚作为一名公众人物，可以质疑杨美芹的善款去向，但是再没有充分证据的前提下，措辞要有分寸。2武汉收起全文d,2019年12月02日 19:10, 转发 7,评论 29,//weibo.com/2661992301/IiW25bNp2
贵州省未成年犯管教所,#小未普法#【网络不是法外之地！王凤雅亲属诉陈岚案一审宣判】2日下午，河南女童王凤雅亲属起诉作家陈岚侵犯名誉权一案在上海市闵行区人民法院一审宣判。法院认为，陈岚的部分言论产生名誉侵权事实，判令其向原告赔礼道歉，并予以赔偿。尊重表达者的合法言论，也捍卫每位公民的名誉与尊严，法律为一切合法权益保驾护航！L一手video的秒拍视频#陈岚被判向眼癌去世女童母亲道歉#收起全文d,2019年12月02日 21:18, 转发 43,评论 33,//weibo.com/3569193894/IiWSedG4O
曲靖检察,#曲检关注#【网络不是法外之地！王凤雅亲属诉陈岚案一审宣判】2日下午，河南女童王凤雅亲属起诉作家陈岚侵犯名誉权一案在上海市闵行区人民法院一审宣判。法院认为，陈岚的部分言论产生名誉侵权事实，判令其向原告赔礼道歉，并予以赔偿。安哥：尊重表达者的合法言论，也捍卫每位公民的名誉与尊严，法律为一切合法权益保驾护航！#陈岚被判向眼癌去世女童母亲道歉#@中国长安网L一手video的秒拍视频收起全文d,2019年12月03日 08:32, 转发 18,评论 42,//weibo.com/3951710017/Ij1hCcgrD
重庆检察,#法治微新闻#【网络不是法外之地！王凤雅亲属诉陈岚案一审宣判】2日下午，河南女童王凤雅亲属起诉作家陈岚侵犯名誉权一案在上海市闵行区人民法院一审宣判。法院认为，陈岚的部分言论产生名誉侵权事实，判令其向原告赔礼道歉，并予以赔偿。安哥：尊重表达者的合法言论，也捍卫每位公民的名誉与尊严，法律为一切合法权益保驾护航！L一手video的秒拍视频@上海长安网收起全文d,2019年12月03日 08:33, 转发 17,评论 16,//weibo.com/5915215161/Ij1imhtxE
钟蓓蓓RoseChung,想起自己这两年断断续续折腾王凤雅那件事儿就觉得可笑。堂堂中国儿童基金会都敢明目张胆地诈捐，嘴上说着救助这960万平方公里土地上的女童们，说着让她们吃饱穿暖、接受教育，买卫生巾，一转手把钱拿去救助19岁男童。等捐款的女性朋友们集体愕然，发现自己的捐助对象变成男童，官方回复说哦，我们知道了，以后我们记得标注一下哈。这就算交代完了。所以王凤雅家诈捐那三四万块算个屁？死了一个还没到上幼儿园年纪的女童，大惊小怪个屁啊？所以那个瘦骨如柴、极度营养不良的大学女生入院治疗、然后她弟弟肥头大耳面红耳赤地接受采访，大惊小怪个屁啊？那些小女孩儿的一生，从七八岁开始（如果能活到七八岁的话）国家援助的鸡蛋牛奶拿回家给哥哥弟弟、不拿就被父母骂她馋；捐赠的粉红色蝴蝶羽绒服给哥哥弟弟穿，自己寒冬腊月薄衣烂布；辍学打工养哥哥弟弟读书；最后父母逼着回老家卖一笔彩礼钱，不管被“老公”怎么打骂折磨都不敢回家。中国农村女性，从生到死血都被吸干。今天是微博十年以来最沮丧的一天。收起全文d,2019年12月18日 09:06, 转发 7,评论 3,
zfw平安浦城,【网络不是法外之地！王凤雅亲属诉陈岚案一审宣判】#陈岚被判向眼癌去世女童母亲道歉#2日下午，河南女童王凤雅亲属起诉作家陈岚侵犯名誉权一案在上海市闵行区人民法院一审宣判。法院认为，陈岚的部分言论产生名誉侵权事实，判令其向原告赔礼道歉，并予以赔偿。安哥：尊重表达者的合法言论，也捍卫每位公民的名誉与尊严，法律为一切合法权益保驾护航！@中国长安网@上海长安网L一手video的秒拍视频收起全文d,2019年12月03日 07:15, 转发 4,评论 5,
福检在线,,2019年12月03日 10:12, 转发 4,评论 17,//weibo.com/3279318417/Ij1WhChjc
紧急呼叫,【#陈岚被判向小凤雅母亲道歉#且置顶30日】12月2日，王凤雅家属诉陈岚名誉权纠纷案宣判。法院宣布，判令@作家陈岚通过新浪微博以置顶30日的方式向原告杨美芹书面赔礼道歉，同时需赔偿原告杨美芹精神损害抚慰金5000元和律师费5000元，对其他损失，因依据不足，未予支持。#小凤雅家属诉陈岚案开庭#@新京报我们视频L新京报我们视频的秒拍视频收起全文d,2019年12月02日 18:26, 转发 5,评论 3,
新京报我们视频,【#小凤雅家属诉陈岚案开庭#】8月14日9时，河南眼癌女童小凤雅家属起诉作家陈岚名誉权纠纷一案，将在上海闵行区人民法院开庭审理。2018年3月，河南太康眼癌女童王凤雅家属曾在网络平台发起筹款，引发诈捐风暴。@作家陈岚曾实名举报王凤雅疑被父母虐待致死。#我们视频正在直播#，共同关注。@我们直播新京报我们视频的微博直播.收起全文d,2019年08月14日 08:17, 转发 314,评论 1966,//weibo.com/6124642021/I28Kw7HVy
新京报我们视频,,2019年08月13日 22:37, 转发 29,评论 51,//weibo.com/6124642021/I24WZxh8L
封面新闻,【#小凤雅家人起诉作家陈岚#这起名誉权纠纷案14日开庭】8日，王凤雅家属起诉作家陈岚名誉权纠纷一案，将于8月14日在上海闵行区人民法院开庭审理。此前，2018年3月，有爱心人士曝料称，王凤雅父母将善款提现后，并未用于救治王凤雅。4月9日，微博“大V”作家陈岚依据志愿者提供信息，在微博上发布文章称：“3岁女婴王凤雅疑似被亲生父母虐待致死……事后，当地警方表示不存在诈捐行为。L封面新闻视频的秒拍视频O河南“眼癌”女童小凤雅去世15个月 家人起诉作家陈岚名誉权纠纷案14...收起全文d,2019年08月09日 18:55, 转发 9,评论 11,
检察日报,【女童#王凤雅家属诉陈岚案未当庭宣判#：家属索赔13万，双方拒调解】王凤雅家属诉陈岚案于8月14日在上海闵行法院公开开庭审理，王凤雅家属的诉讼请求包括判令被告陈岚在媒体上公开赔礼道歉、赔偿损失共13余万元，双方拒绝调解。凤雅爷爷称，结果还没有出来，等待法院判决。@一手VideoL一手video的秒拍视频收起全文d,2019年08月15日 14:30, 转发 21,评论 14,//weibo.com/3183107112/I2kChB0RR
北京青年报,【眼癌女童小凤雅家属诉侵权案开庭@作家陈岚首度发声】小凤雅患上双侧视网膜母细胞瘤后，孩子妈妈杨美芹选择上网募捐。去年4月，作家陈岚发布微博报警称，患眼癌的女童王凤雅疑似被亲生父母虐待致死，其称小凤雅家人没有给予凤雅全力救治，并质疑其家人将给女儿小凤雅治病的捐助挪去给儿子治疗唇腭裂。小凤雅医治无效去世后，其家人将作家陈岚告上法庭，起诉陈岚侵犯名誉权。2019年8月14日，小凤雅家人起诉作家陈岚侵犯名誉权一案在上海市闵行区人民法院开庭，从上午9点至晚上6时许，这一案件的庭审持续一整天。陈岚在接受北京青年报记者专访时表示，小凤雅的家人除要求自己道歉之外，还有经济索赔。“这些都是不合理的，我请求法院驳回全部诉讼请求。”（北青报记者 张子渊 董振杰）O网页链接收起全文d,2019年08月14日 21:29, 转发 5,评论 43,//weibo.com/1749990115/I2dVRpHBl
曲靖检察,#法治微新闻#【女童#王凤雅家属诉陈岚案未当庭宣判#：家属索赔13万，双方拒调解】王凤雅家属诉陈岚案于8月14日在上海闵行法院公开开庭审理，王凤雅家属的诉讼请求包括判令被告陈岚在媒体上公开赔礼道歉、赔偿损失共13余万元，双方拒绝调解。凤雅爷爷称，结果还没有出来，等待法院判决。@一手VideoL一手video的秒拍视频收起全文d,2019年08月15日 14:54, 转发 14,评论 33,//weibo.com/3951710017/I2kMccHeG
我们直播,【#小凤雅家属诉陈岚案开庭#】8月14日9时，河南眼癌女童小凤雅家属起诉作家陈岚名誉权纠纷一案，将在上海闵行区人民法院开庭审理。2018年3月，河南太康眼癌女童王凤雅家属曾在网络平台发起筹款，引发诈捐风暴。@作家陈岚曾实名举报王凤雅疑被父母虐待致死。#我们视频正在直播#，共同关注。@新京报我们视频我们直播的微博直播.收起全文d,2019年08月14日 08:18, 转发 16,评论 74,//weibo.com/6901994610/I28L5gIG5
屠龙的胭脂井,虽然陈岚是有一些黑历史，但她总归当初说王凤雅这事儿，还是站在小朋友角度去说的。但是当大V就是有风险，风险就在于，你一激动，可能就会被告侵犯名誉权，被打官司。当初不就是有个女生大V惹上刘强东，被索赔一百万吗？ 其实惹上刘强东不可怕。就可以完全把这件事娱乐化，就当炒作炒作给自己导流量。肯定粉丝再上一个数量级，卖点啥都可以赚回来。但你一激动，说错了凤雅家属这样的人，那他们确实真的是要钱，你也不能再炒作娱乐化这件事，否则你就“恶臭”了。所以钱真的要从自己腰包里掏（我没有任何评价谁的意思，就是客观这么一说）。有些人说，那知道这样，你们大V能不能闭嘴，别惹事啊。唉，人在江湖走，哪儿有不湿鞋。我就是告诉你们，粉丝多，既有可能吃肉，也很有可能“挨打”。我这张臭嘴，我就随时准备一笔钱不动。真怕被人告了，没钱赔。收起全文d,2019年08月16日 16:43, 转发 6,评论 74,//weibo.com/1852299857/I2uUP582W
红星新闻,#红星原创#【被指用患癌幼女诈捐 河南眼癌女童家人诉陈岚侵权案14日开庭】#王凤雅家人起诉陈岚名誉侵权#8月7日，红星新闻从河南眼癌女童王凤雅家属处获悉，王凤雅一家起诉@作家陈岚侵犯名誉权一案，将于本月14日上午9时在上海市闵行区人民法院开庭审理。这是一年多以来，“河南眼癌女童家人被指诈捐、虐童致死”事件的最新进展。红星新闻获取的起诉书内容显示，王凤雅家人的诉讼请求包括：判令被告陈岚在河南、上海等多家报纸公开向原告赔礼道歉、消除影响、恢复名誉；在其实名微博上公开置顶道歉声明，并且置顶不少于两个月时间；赔偿原告经济损失8万元、医疗损失3130元、精神损失费5万元等。O网页链接收起全文d,2019年08月07日 15:33, 转发 3,评论 8,
唐山检察,【女童#王凤雅家属诉陈岚案未当庭宣判#：家属索赔13万，双方拒调解】王凤雅家属诉陈岚案于8月14日在上海闵行法院公开开庭审理，王凤雅家属的诉讼请求包括判令被告陈岚在媒体上公开赔礼道歉、赔偿损失共13余万元，双方拒绝调解。凤雅爷爷称，结果还没有出来，等待法院判决。@一手VideoL一手video的秒拍视频收起全文d,2019年08月15日 14:41, 转发 10,评论 10,//weibo.com/5155691837/I2kGTCCT9
上海反邪教,【#小凤雅家属诉陈岚案开庭#80秒案情回顾】王凤雅家属诉陈岚名誉权纠纷案，将开庭审理。2018年3月，河南太康眼癌女童王凤雅家属曾在网络平台发起筹款，引发诈捐风暴。@作家陈岚曾实名举报王凤雅疑被父母虐待致死。5月27日，陈岚发长文阐述事件经过并向家属道歉，随后博文又被删除。L新京报我们视频的秒拍视频@新京报我们视频收起全文d,2019年08月13日 15:50, 转发 6,评论 8,
上海反邪教,【#女童王凤雅家属起诉大V#名誉侵权案开庭 爷爷：赔上老命也要维权！】女童王凤雅离世，网络大V“作家陈岚”曾发布微博“报警”，称其家属涉嫌遗弃、诈捐。8月14日，双方名誉权纠纷案在上海闵行区法院开庭。开庭前，原告称“赔上老命也要维权”，被告则表示“再遇到这种事还会报警”。L风声视频的秒拍视频@风声视频收起全文d,2019年08月14日 16:35, 转发 6,评论 12,//weibo.com/5094103156/I2c0xa4D9
上海校园那点事儿,,2019年08月16日 11:01, 转发 309,评论 310,//weibo.com/2369050632/I2sGfjt4F
上海人生活资讯头条,#上海身边事#【女童王凤雅家属诉陈岚案未当庭宣判：家属索赔13万，双方拒调解】王凤雅家属诉陈岚案于8月14日在上海闵行法院公开开庭审理，王凤雅家属的诉讼请求包括判令被告陈岚在媒体上公开赔礼道歉、赔偿损失共13余万元，双方拒绝调解。凤雅爷爷称，结果还没有出来，等待法院判决。一手VideoL一手video的秒拍视频收起全文d,2019年08月16日 10:19, 转发 118,评论 113,//weibo.com/3294190281/I2spduuQI
新京报我们视频,【6月18日#小凤雅家属诉陈岚案开庭#爷爷：她从未道歉】6月5日，小凤雅家属起诉@作家陈岚名誉权纠纷一案有了新的进展。王凤雅家属的代理律师施晓俊向@紧急呼叫表示，该案将于6月18日开庭审理。2018年，陈岚曾发布报警微博，质疑王凤雅家属存在诈捐嫌疑，指责其家人不积极救治王凤雅。L紧急呼叫的秒拍视频收起全文d,2019年06月05日 22:31, 转发 58,评论 556,//weibo.com/6124642021/HxxSzEpWV
红星新闻,#红星原创#【河南王凤雅家人起诉陈岚侵犯名誉权案18日开庭】#王凤雅家人起诉陈岚名誉侵权#时隔一年之后，曾经引发舆论巨大关注的“河南眼癌女童母亲被指诈捐”事件有了最新进展。6月5日，红星新闻记者从已逝女童王凤雅的爷爷王太友处获悉，王凤雅一家起诉陈岚侵犯名誉权一案，将于本月18日在上海市闵行区人民法院开庭审理。据红星新闻此前报道，2018年9月4日，女童王凤雅的爷爷王太友、母亲杨美芹向上海市闵行区人民法院递交诉状，起诉陈岚侵犯名誉权，法院已立案受理。对此，陈岚在当日晚23时，通过其微博账号@作家陈岚公开回应，称并不存在造谣，希望此案经过法庭审理厘清事实。O网页链接收起全文d,2019年06月05日 19:45, 转发 22,评论 40,//weibo.com/6105713761/HxwNekN0o
重庆晨报,【6月18日#小凤雅家属诉陈岚案开庭#爷爷：她从未道歉】6月5日，小凤雅家属起诉@作家陈岚名誉权纠纷一案有了新的进展。王凤雅家属的代理律师施晓俊向@紧急呼叫表示，该案将于6月18日开庭审理。2018年，陈岚曾发布报警微博，质疑王凤雅家属存在诈捐嫌疑，指责其家人不积极救治王凤雅。@新京报我们视频L紧急呼叫的秒拍视频收起全文d,2019年06月06日 08:40, 转发 11,评论 10,
红星新闻,#红星原创#【#2018的他们#③|眼癌女童王凤雅逝去的250天】 河南太康县张集镇温良村的老农民王太友，年过六旬，儿孙满堂：六个嫁为人妇的女儿，一个结婚多年的养子，一个刚成年的小儿子，三个念小学的孙女儿，一个牙牙学语的孙儿。孙女儿原有四个，去年春天少了一个。王太友戴上老花眼镜，端看户口簿，手指划过簿子上那几个字，“姓名：王凤雅”，“性别：女”，“出生日期：2015年5月27日”。凤雅是他第四个孙女儿，去年春天少了的那一个。每个儿孙的名字都是王太友取的，曾当过教书先生的他，冀望四孙女儿“像凤凰一般优雅”。年纪幼小到来不及学习如何优雅，凤雅在镇卫生院的一张病床上躺了48天后，被眼癌折磨着死去。死前，她穿白色的睡衣，头发被剃光，左眼失明，右眼眼球高高爆出，像被命运之手狠狠击了一拳。O2018的他们③|眼癌女童王凤雅逝去的250天收起全文d,2019年01月09日 20:21, 转发 8,评论 5,
罗妮zyzyyuan,看到王俊凯的粉丝说为了偶像，全家一口气买了十三万的洗发水……想到王凤雅小朋友一家十几万难倒一条命，又想到患儿车站偶遇总理改变命运的新闻，国家元首的安保队伍比较严密，难以突破，好像倒不如机场接机围追堵截偶像明星小鲜肉，特别是正能量榜样型明星，生病的小娃娃往他身前一倒，抱住大腿哇哇大哭，偶像肯定不会坐视病童看不起病，也不需要明星真的捐多少钱，只要明星稍微关怀一下生病的小朋友，他的粉丝们就会拼命向小朋友献爱心的……收起全文d,2018年11月25日 19:33, 转发 15,评论 54,//weibo.com/1167257004/H4kF35UwL
罗妮zyzyyuan,王凤雅爷爷的律师说“由于陈岚发布的不实言论，导致不明真相的网民通过短信、电话对小凤雅家人进行言语攻击，小凤雅家人长时间无法出门，导致农田荒废、家里的面包车无法正常营运，这部分经济损失，经测算为8万元”。我的疑惑是，面包车无法营运也许可能，毕竟周围人可能不愿意买他家的东西了。但是短信电话不停响，不影响下地干农活吧……收起全文d,2018年11月14日 19:18, 转发 13,评论 14,//weibo.com/1167257004/H2ERBwOQJ
罗妮zyzyyuan,,2018年11月14日 19:30, 转发 8,评论 7,
八卦看这里,,2018年09月14日 12:47, 转发 170,评论 276,//weibo.com/5041541695/GziH3BdL4
人物,【陈岚的悖论】网络对@作家陈岚的评论极端对立――心理咨询师武志红称，「只要陈岚没贪污，哪怕她只救了一个孩子，我也支持她。」但在王凤雅事件中，媒体人王志安指责陈岚通过网络上不断的信息叠加，「将小凤雅一家人野蛮撒泼、蛮不讲理、动辄动粗的形象，在许多人心目中形成心证」，导致「家属灾难开始了」。微博肉唐僧指责她宣扬生命至上论，不去考虑父母的艰难处境，是「在别人的悲剧中炫耀自己无上的道德」。9月4日，已故眼癌女童王凤雅的母亲杨美芹、爷爷王太友，向上海市闵行区人民法院提起诉讼，要求作家陈岚停止名誉侵权，公开道歉并赔偿损失。法院于当日决定立案审理。O陈岚的悖论收起全文d,2018年09月10日 11:48, 转发 186,评论 251,//weibo.com/1043325954/GyGB7lXmw
新闻晨报,【凤雅爷爷正式起诉作家陈岚】王凤雅爷爷王太友表示，9月4日，他和王凤雅母亲杨美芹已在上海市闵行区人民法院起诉陈岚名誉侵权，当天，法院已经立案受理。此前，陈岚在微博上数次发表言论，指责王凤雅家属不积极治疗王凤雅，有诈捐嫌疑。5月27日，作家陈岚曾发表微博，表示向王凤雅的家人、向努力奔波的民政和公安及村镇干部等所有在这场风波中受到伤害的人们道歉。但王太友此前曾表示，不接受道歉。（观察者网）O&quot;河南眼癌女童&quot;事件进展:王凤雅爷爷正式起诉陈岚收起全文d,2018年09月05日 09:53, 转发 192,评论 1819,//weibo.com/1314608344/GxUHRsa1T
头条新闻,,2018年09月05日 11:10, 转发 126,评论 709,//weibo.com/1618051664/GxVdc3J9p
Vista看天下,【″河南眼癌女童″事件进展：#凤雅爷爷起诉作家陈岚#】凤雅爷爷王太友表示，4日，他和王凤雅母亲杨美芹已在上海市闵行区人民法院起诉陈岚名誉侵权，当天，法院已经立案受理。此前，陈岚在微博上数次发表言论，指责王凤雅家属不积极治疗王凤雅，有诈捐嫌疑。5月27日，作家陈岚曾发表微博，表示向王凤雅的家人、向努力奔波的民政和公安及村镇干部等所有在这场风波中受到伤害的人们道歉。但王太友此前曾表示，不接受道歉。（新京报）O&quot;河南眼癌女童&quot;事件进展:王凤雅爷爷正式起诉陈岚收起全文d,2018年09月05日 11:31, 转发 68,评论 543,//weibo.com/1323527941/GxVlKtsD2
凤凰网视频,"【眼癌女童王凤雅爷爷正式起诉陈岚，法院已受理】""河南眼癌女童王凤雅离世其母被指诈捐事件""有了新进展。9月4日，王凤雅家人已在上海市闵行区人民法院起诉作家陈岚名誉侵权，作家陈岚在其微博上数次发表言论，指责王凤雅家人曾在水滴筹等平台募集15万元，募集善款后不为其治病，而且为家中儿子治疗唇腭裂，涉嫌""诈捐""，直接导致王家遭遇各种指责和网络暴力，一家人长时间无法出门，导致农田荒废、家里的面包车无法正常营运，王凤雅的母亲甚至患上了抑郁症。当天，法院便受理此案。#凤雅爷爷起诉作家陈岚#收起全文d",2018年09月05日 12:31, 转发 46,评论 363,//weibo.com/1806128454/GxVKb8Mjv
新浪新闻,【河南眼癌女童事件进展:王凤雅爷爷正式起诉作家陈岚】王凤雅爷爷王太友表示，9月4日，他和王凤雅母亲杨美芹已在上海市闵行区人民法院起诉陈岚名誉侵权，当天法院已经立案受理。此前陈岚在微博上数次发表言论，指责王凤雅家属不积极治疗王凤雅，有诈捐嫌疑。5月27日，作家陈岚曾发表微博，表示向王凤雅的家人、向努力奔波的民政和公安及村镇干部等所有在这场风波中受到伤害的人们道歉。但王太友此前曾表示，不接受道歉。O河南眼癌女童事件进展:王凤雅爷爷正式起诉陈岚收起全文d,2018年09月05日 09:18, 转发 40,评论 186,//weibo.com/2028810631/GxUtAtHuj
扬子晚报,#紫牛新闻#【患癌去世女童家人 起诉作家陈岚名誉侵权】河南太康县的3岁女童王凤雅患上眼母细胞瘤，因家庭贫困，其父母通过网络筹集治疗资金，受到“诈捐”质疑。@紫牛新闻此前曾报道此事。9月4日，孩子家长以名誉侵权为由，向上海市闵行区人民法院起诉作家陈岚。此前，陈岚已经为质疑诈捐一事致歉。O患癌去世女童家人 起诉作家陈岚名誉侵权L紫牛新闻的秒拍视频收起全文d,2018年09月06日 09:25, 转发 10,评论 23,//weibo.com/1653603955/Gy3WOkPdX
第一财经日报,,2018年09月05日 12:26, 转发 40,评论 216,//weibo.com/1926909715/GxVHTggoB
新京报我们视频,,2018年09月05日 12:03, 转发 23,评论 112,//weibo.com/6124642021/GxVywBJJK
凤凰周刊,【#凤雅爷爷起诉作家陈岚#已获立案凤雅母亲已患上抑郁症】9月4日，王凤雅家属诉陈岚名誉权纠纷案法院已受理。5月4日，女童王凤雅离世引起关注。4月9日，网络大V@作家陈岚曾在微博向举报王凤雅疑被父母虐待致死。王凤雅爷爷说，儿媳妇已经患上抑郁症，陈岚应为此付出代机。@新京报L新京报我们视频的秒拍视频收起全文d,2018年09月05日 13:18, 转发 12,评论 60,//weibo.com/1267454277/GxW2ThBxx
观察者网,【凤雅爷爷正式起诉作家陈岚】王凤雅爷爷王太友表示，9月4日，他和王凤雅母亲杨美芹已在上海市闵行区人民法院起诉陈岚名誉侵权，当天，法院已经立案受理。此前，陈岚在微博上数次发表言论，指责王凤雅家属不积极治疗王凤雅，有诈捐嫌疑。5月27日，作家陈岚曾发表微博，表示向王凤雅的家人、向努力奔波的民政和公安及村镇干部等所有在这场风波中受到伤害的人们道歉。但王太友此前曾表示，不接受道歉。O&quot;河南眼癌女童&quot;事件进展:王凤雅爷爷正式起诉陈岚收起全文d,2018年09月05日 07:11, 转发 193,评论 265,//weibo.com/1887344341/GxTE26M50
猫扑,,2018年09月05日 13:35, 转发 56,评论 525,//weibo.com/1660452532/GxW9N8jVw
北京头条,【小凤雅家人诉作家陈岚名誉侵权 陈岚回应：并不存在造谣】“河南眼癌女童母亲被指诈捐事件”一度引发舆论关注，日前，该事件又有新进展。据媒体报道，9月4日，王凤雅母亲杨美芹已在上海市闵行区人民法院起诉作家陈岚名誉侵权，当天法院已经立案受理。对此，作家陈兰在微博上公开回应说，并不存在造谣，愿意通过法律厘清事实。O网页链接收起全文d,2018年09月05日 09:30, 转发 12,评论 34,//weibo.com/1644948230/GxUyllHQl
邓艾艾艾,王志安的手法历来如此，自诩冰冷理性，乍一看不带立场只呈事实，伪装成新闻专业主义，但每次经他手的事件，绿城案，江歌案，王凤雅案……当事人无不莫名其妙地陷入巨大的争议中，整个讨论环境也撕裂成对个人的疯狂攻击与激烈辩护。受访者在接受采访时，应该是感受不到王的恶意的，因为他的确没有谁一定要陷害谁的预设心机。他的原则只有一条，把话题往爆炸方向操作，被骂得多的人，洗一半白，被捧得多的人，抹五分黑，他自己未必臧否人物，却会精准娴熟地把对方置于有人臧有人否的处境。许多有良好逻辑的人士在他操纵的大框架里分析来讨论去，还不如马泮艳的因果直觉来得准确：在王志安发了那篇文章后，就有许多人来骂我，那肯定是王志安在搞我。收起全文d,2018年07月27日 15:55, 转发 337,评论 138,//weibo.com/1875280111/GrRZ3zkwB
凤凰周刊,【凤雅爷爷正式起诉作家陈岚】王凤雅爷爷王太友表示，9月4日，他和王凤雅母亲杨美芹已在上海市闵行区人民法院起诉陈岚名誉侵权，当天，法院已经立案受理。此前，陈岚在微博上数次发表言论，指责王凤雅家属不积极治疗王凤雅，有诈捐嫌疑。5月27日，作家陈岚曾发表微博，表示向王凤雅的家人、向努力奔波的民政和公安及村镇干部等所有在这场风波中受到伤害的人们道歉。但王太友此前曾表示，不接受道歉。via.新京报O&quot;河南眼癌女童&quot;事件进展:王凤雅爷爷正式起诉陈岚收起全文d,2018年09月05日 11:09, 转发 8,评论 51,//weibo.com/1267454277/GxVcSuKuD
封面新闻,【凤雅爷爷正式起诉作家陈岚名誉侵权 陈岚：不存在造谣】“河南眼癌女童母亲被指诈捐事件”日前又有新进展。王凤雅爷爷王太友表示，9月4日，他和王凤雅母亲杨美芹已在上海市闵行区人民法院起诉陈岚名誉侵权，当天，法院已经立案受理。对此，@作家陈岚微博回应：并不存在造谣，愿意通过法律厘清事实。据@法制晚报O眼癌女童小凤雅家人诉作家陈岚名誉侵权 陈岚：不存在造谣收起全文d,2018年09月05日 11:13, 转发 9,评论 27,//weibo.com/1496814565/GxVeifJTo
山东高法,,2018年09月06日 18:11, 转发 20,评论 11,//weibo.com/3823554401/Gy7ox3SVV
法制网,【凤雅爷爷正式起诉作家陈岚】王凤雅爷爷王太友表示，9月4日，他和王凤雅母亲杨美芹已在上海市闵行区人民法院起诉陈岚名誉侵权，当天，法院已经立案受理。此前，陈岚在微博上数次发表言论，指责王凤雅家属不积极治疗王凤雅，有诈捐嫌疑。5月27日，作家陈岚曾发表微博，表示向王凤雅的家人、向努力奔波的民政和公安及村镇干部等所有在这场风波中受到伤害的人们道歉。但王太友此前曾表示，不接受道歉。（观察者网）O&quot;河南眼癌女童&quot;事件进展:王凤雅爷爷正式起诉陈岚收起全文d,2018年09月05日 08:04, 转发 19,评论 63,//weibo.com/2087875965/GxTZtiiuY
重庆检察,#法治微新闻#【“河南眼癌女童”爷爷起诉作家陈岚名誉侵权】4日，王凤雅爷爷王太友和王凤雅母亲杨美芹已向法院起诉陈岚名誉侵权，并获受理。此前，作家陈岚数次发表言论，指责王凤雅家属不积极治疗眼癌女童王凤雅，有诈捐嫌疑。5月27日，陈岚发表微博，表示向王凤雅的家人等道歉。但王太友表示，不接受道歉。（正义网）L重庆检察的秒拍视频收起全文d,2018年09月06日 09:51, 转发 15,评论 11,//weibo.com/5915215161/Gy47nbwVr
今晚报,"【″河南眼癌女童″事件进展:王凤雅爷爷正式起诉陈岚】9月4日，王凤雅爷爷王太友和王凤雅母亲杨美芹已在上海市闵行区人民法院起诉陈岚名誉侵权，当天，法院已经立案受理。此前，陈岚在微博上数次发表言论，指责王凤雅家属不积极治疗王凤雅，有诈捐嫌疑。5月27日，作家陈岚曾发表微博，表示向王凤雅的家人、向努力奔波的民政和公安及村镇干部等所有在这场风波中受到伤害的人们道歉。但王太友此前曾表示，不接受道歉。王太友称，""我们家从那之后就遭遇各种指责和网络暴力，连村里人都以为我们骗了15万，公安也来调查，全家都要崩溃了。""O&quot;河南眼癌女童&quot;事件进展:王凤雅爷爷正式起诉陈岚收起全文d",2018年09月05日 11:30, 转发 14,评论 12,//weibo.com/1960785875/GxVl3ieUb
界面新闻,,2018年09月05日 08:33, 转发 19,评论 25,//weibo.com/5182171545/GxUbq2p8e
海疆在线,【凤雅爷爷正式起诉作家陈岚】王凤雅爷爷王太友表示，9月4日，他和王凤雅母亲杨美芹已在上海市闵行区人民法院起诉陈岚名誉侵权，当天，法院已经立案受理。此前，陈岚在微博上数次发表言论，指责王凤雅家属不积极治疗王凤雅，有诈捐嫌疑。5月27日，作家陈岚曾发表微博，表示向王凤雅的家人、向努力奔波的民政和公安及村镇干部等所有在这场风波中受到伤害的人们道歉。但王太友此前曾表示，不接受道歉。收起全文d,2018年09月05日 11:00, 转发 70,评论 49,//weibo.com/1656316841/GxV8SkhKz
爱问医生科普,【河南眼癌女童事件进展:王凤雅爷爷正式起诉作家陈岚】王凤雅爷爷王太友表示，9月4日，他和王凤雅母亲杨美芹已在上海市闵行区人民法院起诉陈岚名誉侵权，当天法院已经立案受理。此前陈岚在微博上数次发表言论，指责王凤雅家属不积极治疗王凤雅，有诈捐嫌疑。5月27日，作家陈岚曾发表微博，表示向王凤雅的家人、向努力奔波的民政和公安及村镇干部等所有在这场风波中受到伤害的人们道歉。但王太友此前曾表示，不接受道歉。收起全文d,2018年09月05日 10:15, 转发 15,评论 99,//weibo.com/3825044959/GxUQB5wzS
澎湃新闻,【被指诈捐的眼癌女童家人起诉作家陈岚名誉侵权，陈岚：没造谣】“河南眼癌女童母亲被指诈捐事件”一度引发舆论关注，日前，该事件又有新进展。据媒体报道，9月4日，王凤雅母亲杨美芹已在上海市闵行区人民法院起诉@作家陈岚名誉侵权，当天法院已经立案受理。对此，作家陈兰在微博上公开回应说，并不存在造谣，愿意通过法律厘清事实。看法新闻O被指诈捐的眼癌女童家人起诉作家陈岚名誉侵权，陈岚：没造谣收起全文d,2018年09月05日 11:23, 转发 46,评论 281,//weibo.com/5044281310/GxVidu0IX
央视网,【#小凤雅家人诉作家陈岚名誉侵权#陈岚回应：并不存在造谣】“河南眼癌女童母亲被指诈捐事件”一度引发舆论关注，日前，该事件又有新进展。据媒体报道，9月4日，王凤雅母亲杨美芹已在上海市闵行区人民法院起诉作家陈岚名誉侵权，当天法院已经立案受理。对此，作家陈兰在微博上公开回应说，并不存在造谣，愿意通过法律厘清事实。收起全文d,2018年09月05日 10:11, 转发 10,评论 16,//weibo.com/3266943013/GxUP7vVqa
上海反邪教,【凤雅爷爷正式起诉作家陈岚】王凤雅爷爷王太友表示，9月4日，他和王凤雅母亲杨美芹已在上海市闵行区人民法院起诉陈岚名誉侵权，当天，法院已经立案受理。此前，陈岚在微博上数次发表言论，指责王凤雅家属不积极治疗王凤雅，有诈捐嫌疑。5月27日，作家陈岚曾发表微博，表示向王凤雅的家人、向努力奔波的民政和公安及村镇干部等所有在这场风波中受到伤害的人们道歉。但王太友此前曾表示，不接受道歉。（观察者网）O&quot;河南眼癌女童&quot;事件进展:王凤雅爷爷正式起诉陈岚收起全文d,2018年09月05日 10:39, 转发 11,评论 11,//weibo.com/5094103156/GxV0tCOo4
月影随念郎99,,2018年07月24日 07:23, 转发 ,评论 ,
娱乐榜花,,2018年09月05日 10:12, 转发 10,评论 ,
电影之家88,,2018年07月20日 09:51, 转发 63,评论 ,
中国新闻网,【女童小雅去世事件真相出来了：其父母不存在诈捐行为】近日，3岁女童王凤雅的离世引发轩然大波，网友纷纷指责其父母涉嫌诈捐。经警方调查，确认当初的筹款目标15万，但实际只收到38638元，且这些钱基本用在了王凤雅的治疗上，目前还结余1301元，已交到太康县慈善会。据此，警方表示不存在诈捐。(央视)O“小凤雅”事件真相出来了 谁该反思？反思什么？收起全文d,2018年05月27日 12:11, 转发 7671,评论 9950,//weibo.com/1784473157/Gizrz2ftf
澎湃新闻,【被指诈捐河南重病幼女家属：不接受作家陈岚道歉，坚持起诉】5月28日，广受关注的“王凤雅事件”继续发酵，王凤雅的母亲和奶奶均向澎湃新闻表示，他们不接受@作家陈岚的网上道歉和电话道歉，坚持将起诉作家陈岚、志愿者马婵娟等相关人士，要一个说法。“王凤雅事件”最初引起社会关注，是从4月8日开始。@小希望之树和@作家陈岚发微博质疑女童王凤雅的家长，认为他们募捐了钱却消极治疗，没有把王凤雅送到大医院治疗，还疑似把善款挪用来给王凤雅弟弟治唇裂，重男轻女，涉嫌诈捐。而5月24日公众号“有槽”发文《王凤雅小朋友之死》，引爆该事件。O被指诈捐河南重病幼女家属：不接受作家陈岚道歉，坚持起诉收起全文d,2018年05月28日 19:25, 转发 1443,评论 3520,//weibo.com/5044281310/GiLIqwFou
共青团中央,【河南“小凤雅”事件真相出来了，谁该反思？】近日，河南3岁女童王凤雅的离世引发了轩然大波，一些自媒体质疑其父母诈捐，将原本筹救女的善款“挪用”去给儿子治病”其“重要证据”仅是一个截图。后证实，该费用由另一家基金会资助，和给女儿治病完全两码事。经警方调查，确认王凤雅家当初筹款15万元实收到38638元捐款。且这些钱基本用在了王凤雅治疗上，目前结余1301元已交到了太康县慈善会。#青少年网络素养课堂#@人民日报O央视新闻客户端收起全文d,2018年05月27日 12:16, 转发 1417,评论 1458,//weibo.com/3937348351/GiztRqmtp
头条新闻,,2018年05月28日 21:16, 转发 1497,评论 3016,//weibo.com/1618051664/GiMrlhyvq
新京报,【评论丨河南“小凤雅”事件真相出来了，谁该反思？】近日，河南太康3岁女童王凤雅的离世引发了一场轩然大波，网友纷纷指责其父母涉嫌诈捐。但25日，河南太康警方表示不存在诈捐。经警方调查，确认王凤雅家属当初的筹款目标是15万元，但实际上只收到38638元捐款。且这些钱基本用在了王凤雅的治疗上，目前还结余1301元。其爷爷将1301元善款交到了太康县慈善会。在自媒体崛起的移动互联网时代，微博、朋友圈中从来都不缺乏口水，稀缺的是对事实的探究和对真相的执着。就这一起事件而言，一些自媒体发文质疑王凤雅父母诈捐，将原本筹来救女的善款“挪用”去给儿子治唇腭裂，其“重要证据”仅是一个截图：其母在朋友圈晒出的一组带儿子在北京某医院照就诊的照片。后经证实，该费用是由另外一家基金会资助，和给女儿治病完全是两码事。（央视）O评论丨河南“小凤雅”事件真相出来了，谁该反思？反思什么？收起全文d,2018年05月27日 12:12, 转发 412,评论 956,//weibo.com/1644114654/Gizs4Cznt
环球网,【评论丨河南“小凤雅”事件真相出来了，谁该反思？】近日，河南太康3岁女童王凤雅的离世引发了一场轩然大波，网友纷纷指责其父母涉嫌诈捐。但25日，河南太康警方表示不存在诈捐。经警方调查，确认王凤雅家属当初的筹款目标是15万元，但实际上只收到38638元捐款。且这些钱基本用在了王凤雅的治疗上，目前还结余1301元。其爷爷将1301元善款交到了太康县慈善会。在自媒体崛起的移动互联网时代，微博、朋友圈中从来都不缺乏口水，稀缺的是对事实的探究和对真相的执着。就这一起事件而言，一些自媒体发文质疑王凤雅父母诈捐，将原本筹来救女的善款“挪用”去给儿子治唇腭裂，其“重要证据”仅是一个截图：其母在朋友圈晒出的一组带儿子在北京某医院照就诊的照片。后经证实，该费用是由另外一家基金会资助，和给女儿治病完全是两码事。（央视）O评论丨河南“小凤雅”事件真相出来了，谁该反思？反思什么？收起全文d,2018年05月27日 10:50, 转发 332,评论 217,//weibo.com/1686546714/GiyUNudWY
头条新闻,【“王凤雅去世”事件进展：父母被指拿着捐款治疗儿子兔唇放弃女儿】近日，一篇名为“王凤雅小朋友之死”的文章在网上热传，文中称河南太康县一2岁半女童被诊断出患有视网膜母细胞瘤，其母杨美芹在获得15万捐款后却未救治眼球已脱出眼眶的女儿，反而去北京高端民营医院为儿子治疗兔唇。5月4日，不到3岁的女童离开人世。目前家属并未透露筹款金额和剩余资金，并拒绝退还。via看看新闻KNEWS收起全文d,2018年05月24日 16:49, 转发 1304,评论 1315,//weibo.com/1618051664/Gi8ZeDMd7
头条新闻,,2018年05月27日 14:53, 转发 442,评论 1333,//weibo.com/1618051664/GiAvva3Ep
头条新闻,,2018年05月29日 15:24, 转发 1109,评论 2520,//weibo.com/1618051664/GiTz71qk1
北京青年报,【王凤雅去世事件进展：小雅爷爷称正在上交剩余善款】近日，河南太康3岁女童小雅去世后，其家人一度陷入舆论漩涡。昨晚，小雅的爷爷在接受媒体采访时表示，小雅自2017年农历十月患病后，家属通过水滴筹发起两次网络筹款，筹款金额共计3.8万余元，而非网传“15万元”，筹款都用在为小雅治病上，但小雅仍于今年5月4日不治去世；目前善款剩余1000余元，“准备交给政府”。刚刚，北青报记者从小雅爷爷处了解到，他此刻正将剩余善款上交给相关部门。随后，当地政府部门工作人员向北青报记者证实此事。“我们收到这部分资金后，会选择原路退还给“慈善妈妈”，或捐给慈善机构。”同时，上述工作人员表示，目前能够确定的是所筹资金共3.8万余元，但无法通过单据证明小雅家人到底在其治疗上的具体花费金额，“我们也希望通过这次这件给各位爱心人士提醒，在向弱势群体提供帮助时，尽量选择规范化的捐助模式，避免出现类似纠纷。”（北青报记者 张香梅 孔令晗）收起全文d,2018年05月25日 16:30, 转发 4535,评论 8287,//weibo.com/1749990115/GiihYpNRu
中国新闻网,【女童小雅去世事件后续：母亲接受精神治疗 募捐平台加强审核】近日，文章《王凤雅小朋友之死》刷爆朋友圈，网友纷纷指责其父母涉嫌诈捐。经警方查证，并不存在诈捐，结余的1301元也已交到太康县慈善会。而小雅一家则因这场风波心力交瘁，其母亲接受精神治疗。此外，涉及该起事件的募捐平台表示，将与医院合作，加强审核并跟进患者治疗的资金使用情况。O水滴筹回应王凤雅去世事件：尽快加强信息内容审核收起全文d,2018年05月28日 11:16, 转发 99,评论 624,//weibo.com/1784473157/GiIvNEwwa
梨视频,,2018年05月26日 10:16, 转发 5628,评论 7811,//weibo.com/6004281123/GipgrFN6r
环球时报,【王凤雅去世事件进展：家属拒绝透露筹款金额和剩余资金】5月4日，河南省太康县不满三岁的王凤雅因重病去世，此前王凤雅的母亲曾在水滴筹等多个平台筹集资金，为她治病。此后，有网友质疑王凤雅去世后，所筹资金并未全部用完，并要求他们公布筹集资金去向。记者从太康县公安局了解到，经调查，此事不构成刑事案件，目前包括太康县和张集乡在内的相关工作人员都在做家属的思想工作，建议王凤雅家人将除去治疗后的筹款资金退还给相关部门。但目前家属并未透露筹款金额和剩余资金，并拒绝退还。@北京青年报L北京青年报的秒拍视频收起全文d,2018年05月24日 18:10, 转发 402,评论 955,//weibo.com/1974576991/Gi9vLCKCN
北京青年报,【#王凤雅去世事件# 进展：家属拒绝透露筹款金额和剩余资金】5月4日，河南省太康县不满三岁的王凤雅因重病去世，此前王凤雅的母亲曾在水滴筹等多个平台筹集资金，为她治病。此后，有网友质疑王凤雅去世后，所筹资金并未全部用完，并要求他们公布筹集资金去向。北青报记者从太康县公安局了解到，经调查，此事不构成刑事案件，目前包括太康县和张集乡在内的相关工作人员都在做家属的思想工作，建议王凤雅家人将除去治疗后的筹款资金退还给相关部门。但目前家属并未透露筹款金额和剩余资金，并拒绝退还。（北青报记者 张香梅 孔令晗）L北京青年报的秒拍视频收起全文d,2018年05月24日 16:19, 转发 2148,评论 7760,//weibo.com/1749990115/Gi8MP9mbB
澎湃新闻,【河南病重女童家属被指诈捐后续，家属称将反击追究法律责任】从最开始被指“诈捐”、消极治疗，到事件逐渐清晰、反转，王凤雅爷爷向澎湃新闻表示，一定要追究造谣者、舆论制造者的法律责任。这起引起社会广泛关注的“王凤雅”事件，折射出贫困农村家庭面对癌症的两难选择。河南省太康县公安局宣传科科长张磊落向澎湃表示，王凤雅确实患病，警方没有发现王凤雅家属“诈捐”等犯罪的证据，因此未予立案。家属提供的有票据的开销，只有几千元，有些开销没有票据，不过，警方没办法对这个特殊家庭的支出提出质疑。“说穿了还是家里太穷。”曾为王凤雅诊治的一位医生对澎湃说，开始王凤雅病虽然轻些，但毕竟是癌症，家里没钱，更怕人财两空，后来筹到一点钱，但远不够，病情也已恶化，家属想保守治疗，志愿者和网友不答应，认为既然筹款就得到大医院治疗，引发冲突。O河南病重女童家属被指诈捐后续，家属称将反击追究法律责任收起全文d,2018年05月27日 14:10, 转发 101,评论 563,//weibo.com/5044281310/GiAdQoOIh
头条新闻,,2018年05月25日 19:12, 转发 185,评论 1361,//weibo.com/1618051664/Gijlssv2O
新京报我们视频,【王凤雅母亲回忆赴京看病经过：志愿者摆拍 劝我用哭博取同情】5月4日，不到3岁的女童王凤雅患视网膜母细胞瘤去世，其母杨美芹曾通过水滴筹募集治疗费用。随后，志愿者举报杨美芹利用女儿病情募款后，“拿女儿的救命钱给儿子治病”。杨美芹说，到北京后发现，志愿者并未事先安排好医院，遭到多家医院拒收后，她带女儿返回老家，此后女儿病情恶化。她说，志愿者在帮助过程中存在摆拍，拍完照片后很少过问孩子病情。L新京报我们视频的秒拍视频@新京报收起全文d,2018年05月28日 06:26, 转发 936,评论 3347,//weibo.com/6124642021/GiGCiiCB2
头条新闻,,2018年05月27日 10:11, 转发 869,评论 1310,//weibo.com/1618051664/GiyEQcYny
中国日报,【3岁女童因恶性肿瘤身亡 父母被指拿捐款治儿子兔唇、放弃女儿】5月4日，河南省太康县不满三岁的王凤雅因重病去世，此前王凤雅的母亲曾在水滴筹等多个平台筹集资金，为她治病。此后，有网友质疑王凤雅去世后，所筹资金并未全部用完，并要求他们公布筹集资金去向。经调查，此事不构成刑事案件，目前包括太康县和张集乡在内的相关工作人员都在做家属的思想工作，建议王凤雅家人将除去治疗后的筹款资金退还给相关部门。但目前家属并未透露筹款金额和剩余资金，并拒绝退还。L北京青年报的秒拍视频收起全文d,2018年05月24日 17:30, 转发 186,评论 543,//weibo.com/1663072851/Gi9fxcu5L
头条新闻,,2018年05月28日 09:54, 转发 144,评论 580,//weibo.com/1618051664/GiHYsmIf3
新京报,【王凤雅母亲：不接受@作家陈岚道歉 】4月9日，网络大V@作家陈岚在微博向警方实名举报王凤雅疑被父母虐待致死。5月27日，陈岚发表微博长文阐述事件经过并道歉。王凤雅母亲杨美芹说，陈岚未向医院和家属证实，就发布孩子死亡信息，希望她正式道歉。王凤雅爷爷说，接下来将依法维权。@新京报我们视频L新京报我们视频的秒拍视频收起全文d,2018年05月28日 20:57, 转发 157,评论 617,//weibo.com/1644114654/GiMjNuAcT
新京报,【王凤雅主治医生：家人陪伴住院超50天 一直要求用好药】近日#王凤雅事件#引关注热议，曾有自媒体质疑其家人重男轻女，募集善款后却不为其治病。王凤雅去世前所在乡卫生院医生称，女孩住院期间父母亲人都陪在她身边，一直积极配合治疗，不存在虐待和重男轻女，网上炒作昧良心。@新京报我们视频L新京报我们视频的秒拍视频收起全文d,2018年05月27日 18:17, 转发 102,评论 534,//weibo.com/1644114654/GiBQatrYr
中国日报,【女童小雅去世事件真相出来了：其父母不存在诈捐行为】近日，3岁女童王凤雅的离世引发轩然大波，网友纷纷指责其父母涉嫌诈捐。经警方调查，确认当初的筹款目标15万，但实际只收到38638元，且这些钱基本用在了王凤雅的治疗上，目前还结余1301元，已交到太康县慈善会。据此，警方表示不存在诈捐。(央视)O“小凤雅”事件真相出来了 谁该反思？反思什么？收起全文d,2018年05月27日 17:35, 转发 69,评论 118,//weibo.com/1663072851/GiBzehBnC
中国日报,【王凤雅母亲：不接受@作家陈岚道歉 】4月9日，网络大V@作家陈岚在微博向警方实名举报王凤雅疑被父母虐待致死。5月27日，陈岚发表微博长文阐述事件经过并道歉。王凤雅母亲杨美芹说，陈岚未向医院和家属证实，就发布孩子死亡信息，希望她正式道歉。王凤雅爷爷说，接下来将依法维权。@新京报我们视频L新京报我们视频的秒拍视频收起全文d,2018年05月28日 22:15, 转发 86,评论 342,//weibo.com/1663072851/GiMPcbdud
头条新闻,【王凤雅去世事件进展：小雅爷爷称正在上交剩余善款】近日，河南太康3岁女童小雅去世后，其家人一度陷入舆论漩涡。昨晚，小雅的爷爷在接受媒体采访时表示，小雅自2017年农历十月患病后，家属通过水滴筹发起两次网络筹款，筹款金额共计3.8万余元，而非网传“15万元”，筹款都用在为小雅治病上，但小雅仍于今年5月4日不治去世；目前善款剩余1000余元，“准备交给政府”。刚刚，北青报记者从小雅爷爷处了解到，他此刻正将剩余善款上交给相关部门。随后，当地政府部门工作人员向北青报记者证实此事。“我们收到这部分资金后，会选择原路退还给“慈善妈妈”，或捐给慈善机构。”同时，上述工作人员表示，目前能够确定的是所筹资金共3.8万余元，但无法通过单据证明小雅家人到底在其治疗上的具体花费金额，“我们也希望通过这次这件给各位爱心人士提醒，在向弱势群体提供帮助时，尽量选择规范化的捐助模式，避免出现类似纠纷。”（北青报）收起全文d,2018年05月25日 16:48, 转发 79,评论 581,//weibo.com/1618051664/GiioZ4DUK
新京报,【王凤雅爷爷回应捐款去向】近日，女童王凤雅离世引起关注。此前，曾有自媒体发布文章称，其家人曾在水滴筹等平台募集15万元，募集善款后不为其治病，而且为家中儿子治疗唇腭裂，涉嫌“诈捐”。5月25日，王凤雅爷爷公开回应：水滴筹的款项是3.5万而并非是网上所说的15万，给王凤雅弟弟的治疗是由嫣然天使基金全额资助，并非是凤雅获得的捐款。L新京报我们视频的秒拍视频@新京报我们视频收起全文d,2018年05月26日 11:14, 转发 113,评论 452,//weibo.com/1644114654/GipDUmKL3
凤凰周刊,【#王凤雅去世事件# 进展：家属拒绝透露筹款金额和剩余资金】据北京青年报，5月4日，河南省太康县不满三岁的王凤雅因重病去世，此前王凤雅的母亲曾在水滴筹等多个平台筹集资金，为她治病。此后，有网友质疑王凤雅去世后，所筹资金并未全部用完，并要求他们公布筹集资金去向。太康县公安局表示，经调查，此事不构成刑事案件，目前包括太康县和张集乡在内的相关工作人员都在做家属的思想工作，建议王凤雅家人将除去治疗后的筹款资金退还给相关部门。但目前家属并未透露筹款金额和剩余资金，并拒绝退还。via.新闻晨报收起全文d,2018年05月24日 16:40, 转发 657,评论 629,//weibo.com/1267454277/Gi8Vf0ZVx
新浪新闻,,2018年05月27日 19:16, 转发 59,评论 208,//weibo.com/2028810631/GiCemnamM
中国新闻网,【被指诈捐河南重病幼女家属：不接受作家陈岚道歉】4月8日，作家陈岚微博发文，质疑眼疾女童小雅家属诈捐。5月24日《王某雅小朋友之死》一文，更是将小雅一家推上了舆论的风口浪尖。5月27日，陈岚发微博表示向王凤雅的家人道歉。小雅母亲表示，家人不愿接受陈岚的道歉。接下来，他们将依法维权，如果协商无果，将起诉参与炒作此事的相关公益人士。（新京报）O河南眼癌女童母亲“诈捐”事件：家人不接受陈岚道歉收起全文d,2018年05月29日 09:11, 转发 238,评论 1440,//weibo.com/1784473157/GiR7I805B
新京报我们视频,【#王凤雅之死后续#：爷爷将剩余捐款全数交公 自称每天遭短信谩骂】5月25日，王凤雅的爷爷在记者和当地政府官员的陪同下，一同前往太康县民政局社会福利股，将剩余的1301元善款捐给慈善组织。王凤雅爷爷说，此前网络谣言宣告孙女死亡后，家庭每天遭不明短信轰炸谩骂，他们并没有不给孙女治病，面对谣言希望能得到法律帮助。L新京报我们视频的秒拍视频@新京报收起全文d,2018年05月26日 08:54, 转发 55,评论 509,//weibo.com/6124642021/GioJ5vXNS
新京报,【王凤雅母亲回忆赴京看病经过：志愿者摆拍 劝我用哭博取同情】5月4日，不到3岁的女童王凤雅患视网膜母细胞瘤去世，其母杨美芹曾通过水滴筹募集治疗费用。志愿者举报杨美芹利用女儿病情募款。杨美芹说，到北京后发现志愿者并未事先安排好医院，遭到多家医院拒收后才带女儿返回老家，此后女儿病情恶化。她说，志愿者在帮助过程中存在摆拍，拍完照片后很少过问孩子病情。L新京报我们视频的秒拍视频@新京报我们视频收起全文d,2018年05月28日 09:57, 转发 123,评论 382,//weibo.com/1644114654/GiHZEhYWF
新京报,【#王凤雅之死后续#：爷爷将剩余捐款全数交公 自称每天遭短信谩骂】5月25日，王凤雅的爷爷在记者和当地政府官员的陪同下，一同前往太康县民政局社会福利股，将剩余的1301元善款捐给慈善组织。王凤雅爷爷说，此前网络谣言宣告孙女死亡后，家庭每天遭不明短信轰炸谩骂，他们并没有不给孙女治病，面对谣言希望能得到法律帮助。L新京报我们视频的秒拍视频@新京报我们视频收起全文d,2018年05月26日 09:31, 转发 96,评论 455,//weibo.com/1644114654/GioYl8f35
观察者网,【王凤雅母亲：说治愈率高是单眼的情况，凤雅是双眼】近日，一篇自媒体文章《王凤雅小朋友之死》刷爆了舆论。文中称河南省太康县一2岁半女童王凤雅被诊断出患有视网膜母细胞瘤，其母杨美芹在获得15万元捐款后却未救治眼球已脱出眼眶的女儿，反而去北京高端民营医院为儿子治疗兔唇。2018年5月4日，不到3岁的王凤雅离开人世。文章将女童王凤雅之死归结于“罪恶的父母”，认为女童的父母消极治疗导致了本来有极高存活率的女儿死亡。5月25日，涉事互联网募捐平台水滴筹发布官方声明称，据该平台公开可追溯的信息系统数据显示，王凤雅家属履行相关网上填报程序后，先后于2017年11月3日至29日、2018年3月15日至27日通过“水滴筹”平台发起两次个人求助，共有2249人次伸出援助之手，实际筹得款项为35689元。王凤雅母亲杨美芹称，2017年3月份申请嫣然基金，2017年4月17号，儿子做了唇腭裂手术。杨美芹：虽然网上有说法是治愈率高，但那是针对单眼的情况，如果是单眼，可以立马做手术。凤雅双眼都有肿瘤，治愈率很低。郑大附属医院的医生建议做化疗。但是我们没有钱。做化疗每个月一次，一次交两万块。后来，凤雅的小姑建议我用水滴筹筹款。去年11月下旬，凤雅的小姑帮我在水滴筹上第一次筹钱，二十天的时间，周围的邻居、亲戚筹了12373元。当时给专家打电话，专家建议我们同时要跟上保守治疗。我们一直给她输营养液、降颅压的药、退烧药。我一直和网友解释，孩子的脑部有肿瘤、有积水，许多医生都说不能轻易手术，但网友们不同意。他们一直催促我去治，像是这个病很容易治似的。有的人说，即使保守治疗，也可以筹款。后来我就一直在筹款。我怕网友不相信，还给他们看病历单。后来一想，孩子要是治不好了，我还筹什么款？我就结束了筹款，提现出来。第二天，网友们翻脸了，他们说，用了他们的钱，必须带着孩子去北京的大医院。O对话眼癌女童王凤雅母亲：志愿者说拿了他们的钱就得去北京治疗收起全文d,2018年05月26日 09:01, 转发 20802,评论 8775,//weibo.com/1887344341/GioLVAwPw
新京报我们视频,【王凤雅母亲回应陈岚道歉：造谣者应向死去的女儿和全体网友道歉】4月9日，网络大V@作家陈岚在微博向警方实名举报王凤雅疑被父母虐待致死。5月27日，陈岚发表微博长文阐述事件经过并道歉。王凤雅的母亲杨美芹说，陈岚在未向家属证实的情况下发布孩子死亡信息，希望她正式道歉。王凤雅爷爷说，接下来家里将依法维权。L新京报我们视频的秒拍视频@新京报收起全文d,2018年05月28日 19:20, 转发 147,评论 1057,//weibo.com/6124642021/GiLGfdDOi
中国新闻网,【女童小雅去世事件续：爷爷将剩余1301元转捐太康县慈善会】近日，河南省太康县一名罹患“视网膜母细胞瘤”的小患者王凤雅去世事件，闹得沸沸扬扬，被指责诈捐的王凤雅家长也被推上了舆论的风口浪尖。5月25日下午，在太康县张集镇民政所、水滴筹、媒体等人员的陪同下，王凤雅爷爷王太友将所筹款项剩余的1301元善款交到了太康县慈善会。(记者 齐永)O“王凤雅之死”事件续：爷爷将剩余1301元转捐太康县慈善会收起全文d,2018年05月25日 22:06, 转发 50,评论 519,//weibo.com/1784473157/Giku79ca6
果壳,,2018年05月28日 02:34, 转发 1051,评论 2214,//weibo.com/1850988623/GiF5PCuyP
新京报我们视频,#王凤雅之死后续#【王凤雅爷爷回应捐款去向：未曾挪用给孙子看病 奶粉半年花了一万多】近日，女童王凤雅离世引起关注。此前，曾有自媒体发布文章称，其家人曾在水滴筹等平台募集15万元，募集善款后不为其治病，而且为家中儿子治疗唇腭裂，涉嫌“诈捐”。5月25日，王凤雅爷爷公开回应：水滴筹的款项是3.5万而并非是网上所说的15万，给王凤雅弟弟的治疗是由嫣然天使基金全额资助，并非是凤雅获得的捐款。L新京报我们视频的秒拍视频@新京报收起全文d,2018年05月26日 08:50, 转发 37,评论 408,//weibo.com/6124642021/GioHJC6Oi
腾讯新闻出品,【王凤雅家属回应不给治病质疑 志愿者称没想到一口答应去北京看病】针对于志愿者马婵娟称“凤雅家属就没想过救治凤雅”的说法，凤雅的爷爷称，他们带孩子跟着志愿者奔波到北京，去了北京儿童医院。“眼科医生说孩子奄奄一息，做手术没有意义，做化疗更不可能。我说再也不要折腾了，先保住孩子命要紧。志愿者就不让走，说走就报警…”他和儿媳妇都觉得，去北京看病本身就是骗局，“好像所有人都关心我的孙女，但我唯一想感谢的是乡卫生院的医生，要不是他们，孩子早不在了。”@封面新闻L腾讯新闻的秒拍视频收起全文d,2018年05月26日 10:21, 转发 1080,评论 3661,//weibo.com/1763084680/GipipoAkA
新浪新闻客户端,【王凤雅母亲回忆赴京看病经过：志愿者摆拍 劝我用哭博取同情】患视网膜母细胞瘤的王凤雅去世引起轩然大波，其家属也因无端的指责谩骂触碰到心底的伤痕，其母杨美芹称带女儿到北京后发现，志愿者并未事先安排好医院，遭到多家医院拒收后，她带女儿返回老家，此后女儿病情恶化。她说，志愿者在帮助过程中存在摆拍，拍完照片后很少过问孩子病情。L新京报我们视频的秒拍视频收起全文d,2018年05月28日 07:37, 转发 35,评论 150,//weibo.com/2318910945/GiH56dJU9
新浪新闻,,2018年05月27日 14:55, 转发 83,评论 179,//weibo.com/2028810631/GiAwhDAAB
新京报,【“眼癌女童之死”事件：爷爷将剩余1301元善款捐出】近日，河南太康患有视网膜母细胞瘤的女童王凤雅离世引起关注。此前，曾有自媒体发布文章称，其家人曾在水滴筹等平台募集15万元，募集善款后不为其治病，而且为家中儿子治疗唇腭裂，涉嫌“诈捐”。5月25日，王凤雅家人回应称，真实募集的善款只有3.8万元，其中水滴筹募集的善款为3.5万元，治病后剩下1301元。此外，家中儿子治病费用于去年4月已经解决，不涉及此次募捐善款。太康县公安局民警在接受媒体采访时表示，经过调查，此事不构成刑事案件。当日下午，王凤雅爷爷来到镇政府，将善款的余款1301元捐给太康县的慈善组织。O“眼癌女童之死”事件：爷爷将剩余1301元善款捐出收起全文d,2018年05月26日 10:34, 转发 173,评论 330,//weibo.com/1644114654/GipnGdjCV
新闻晨报,【#王凤雅去世事件# 进展：家属拒绝透露筹款金额和剩余资金】据北京青年报，5月4日，河南省太康县不满三岁的王凤雅因重病去世，此前王凤雅的母亲曾在水滴筹等多个平台筹集资金，为她治病。此后，有网友质疑王凤雅去世后，所筹资金并未全部用完，并要求他们公布筹集资金去向。太康县公安局表示，经调查，此事不构成刑事案件，目前包括太康县和张集乡在内的相关工作人员都在做家属的思想工作，建议王凤雅家人将除去治疗后的筹款资金退还给相关部门。但目前家属并未透露筹款金额和剩余资金，并拒绝退还。收起全文d,2018年05月24日 16:27, 转发 67,评论 370,//weibo.com/1314608344/Gi8PWoNp2
新浪新闻客户端,,2018年05月27日 14:56, 转发 34,评论 90,//weibo.com/2318910945/GiAwB6Xds
午后的水妖,,2018年05月30日 10:04, 转发 635,评论 520,//weibo.com/1692919345/Gj0TDfwKa
梨视频,【视频 |王凤雅去世后续：家属独家回应质疑】5月4日，不满三岁的#重病女童王凤雅去世#。针对家属“筹款去向”的质疑再次刷屏，在孩子病危期间，家属首次面对镜头回应质疑：①为凤雅募捐的水滴筹募款为3.6万元，并非15万②给家中男孩治唇裂由@嫣然天使基金全额资助，并非为凤雅募捐的善款。@风声视频L梨视频的秒拍视频收起全文d,2018年05月25日 18:49, 转发 94,评论 460,//weibo.com/6004281123/Gijc8wavA
观察者网,兼听，王凤雅母亲杨美芹对与志愿者冲突的详细回应，图片是@作家陈岚对冲突的叙述。杨美芹：第一次接触志愿者，是今年3月下旬。网友“苗苗妈妈”让我把孩子的病历、证件发给她，要给孩子看病。我怕碰到骗子，有点犹豫，她随后指责我，“你又不懂，找个识字的人来和我聊。”我就把她拉黑了。清明节前后，因为许多网友不满我没有带孩子去北京治疗，一些自称志愿者的人来到我们家，要带我们去北京。其中一个女的问，为什么拉黑了她？我忽然想起来是“苗苗妈妈”。后来志愿者来到我们家，其实他们挺不容易的。我爸爸说，那就去吧。志愿者又许诺，去了北京之后的安排都已经妥了。志愿者帮我们带着资料、村里的证明，后来到了北京儿童医院，根本没有床位，不接收。我们想要回资料，回家，志愿者不让走。我爸爸和他们吵，告诉他们，如果拿着我们的资料，以凤雅的名义到处找人捐钱，就起诉他们。为此，我们吵了半个多小时。当时凤雅的眼睛肿瘤已经凸出来了，这好像是几天内突然发生的。当时我们问医生，如果能做手术，我们就在北京等。但医生暗示说，做手术、做化疗都没什么意义了。眼科、肿瘤科、急诊我们都去了。志愿者又说帮我们联系其他医院。之前凤雅每天都需要输液、吃奶粉，来到北京后，也没有输液，凤雅的下半身都凉了。我抱着凤雅坐在急诊室输液，但我不想再折腾了。到北京后第二天，来了上海的志愿者。我不相信他们。但由于是政府人员陪同来的，我爸信他们。他们让我们去郑州治疗。从北京回来，凤雅没停止过发烧。烧到40度，维持了一个星期。半夜我们找医生，医生都下班了。她眼睛的脓天天往外面长。从北京回来，就不会说话了。我觉得孩子实在撑不住了，所以我不想去医院。（界面新闻：为什么你们说孩子死了？）杨美芹：当天下午4点，我去提了钱，拨打了120，和志愿者们把凤雅送到了县医院的重症监护室，抢救了两、三个小时。孩子没断气，有一点心跳。我抱着她，凤雅的手已经不动了。主治医生说，你不放弃的话，我们可以抢救，但是孩子撑不到明天。孩子死了后，尸体不能给你。我不愿意，就把孩子抱回了家。我想让凤雅死在家里。医生把氧气、输液都拔掉了，回到家后，我发现凤雅的手又动了，赶紧叫村里人给她输液。因为志愿者举报到乡、省里，妇联的工作人员来家里看，孩子到底死了吗。他们告诉我，网上说，在几点几分，孩子断气了。网上还说，三天三夜，我不给孩子吃、喝，手上发青，是被虐待的。政府发现不是事实后，让我们继续住院。到了县医院，主治医生吓了一跳，说，前天你们的孩子不是死了吗。由于县医院的重症监护室不接收，我们又去了郑州肿瘤医院。我感觉我已经陷入了无底洞，不能手术、不能化疗，也不知道凤雅何时断气。每天花费一万多块钱，后来政府说，愿意帮我们出。但是医生又提出了，孩子断气后，要直接送太平间。我再也不想去大医院治疗了。折腾来回，孩子没有得到治疗，还不如在乡里，我伺候到她断气。我们回到了乡里。5月4号早上她烧到39度。突然之间，她开始大喘气。心跳全都停止了。正是中午下班时间，我跑下去找护士。护士去扔垃圾了，我又哭着找医生。医生赶来时，凤雅只剩一口气了。她的脸色已经白完了，嘴唇紫了。医生让我准备后事。等我爸妈赶来，凤雅已经去世了。我很愤怒的是，孩子死了后，派出所的人要掀开衣服拍照。但拍了照片也没有公布，至少证明，孩子不是我虐待死的。从北京回来，我的手机、电话、微信、微博不停有人来诅咒我。我要照顾孩子，没看手机。我的每一条朋友圈都被网友截图了，后来我就清空了。我本身早就想退钱回去了，现在我气得都崩溃了。凤雅是我的孩子，我比谁都疼她。就算领养一个孩子，我们也不会没人性到不给她治病。O对话眼癌女童王凤雅母亲：志愿者说拿了他们的钱就得去北京治疗收起全文d,2018年05月26日 20:56, 转发 585,评论 603,//weibo.com/1887344341/Gitspxzqj
中国新闻网,【王凤雅事件全复盘：谣言、网络暴力和一个无计可施的底层家庭】3岁女童王凤雅因视网膜母细胞瘤离世，她的家人被贴上了虐童、消极治疗的标签，一家人在悲痛的同时陷入了恐惧和无计可施的窘境。后来事件逐渐清晰、反转，发布者公开道歉。这期间究竟发生了什么？记者采访了各方当事人，戳↓全复盘O王凤雅事件全复盘：谣言、网络暴力和一个无计可施的底层家庭收起全文d,2018年05月31日 11:22, 转发 100,评论 408,//weibo.com/1784473157/GjaPJdAix
中国青年网,【河南“小凤雅”事件真相出来了，谁该反思？】近日，河南3岁女童王凤雅的离世引发了轩然大波，一些自媒体质疑其父母诈捐，将原本筹救女的善款“挪用”去给儿子治病”其“重要证据”仅是一个截图。后证实，该费用由另一家基金会资助，和给女儿治病完全两码事。王凤雅家所筹资金也都用于了“小凤雅”的治疗。只顾快意而不讲事实，是一种道德冒险，更可能触犯法律。基于事实的质疑才有力量！（人民日报 央视新闻）O央视新闻客户端收起全文d,2018年05月27日 12:36, 转发 48,评论 68,//weibo.com/2748597475/GizBM0Q7D
第一财经日报,【评论丨河南“小凤雅”事件真相出来了，谁该反思？】近日，河南太康3岁女童王凤雅的离世引发了一场轩然大波，网友纷纷指责其父母涉嫌诈捐。但25日，河南太康警方表示不存在诈捐。经警方调查，确认王凤雅家属当初的筹款目标是15万元，但实际上只收到38638元捐款。且这些钱基本用在了王凤雅的治疗上，目前还结余1301元。其爷爷将1301元善款交到了太康县慈善会。在自媒体崛起的移动互联网时代，微博、朋友圈中从来都不缺乏口水，稀缺的是对事实的探究和对真相的执着。就这一起事件而言，一些自媒体发文质疑王凤雅父母诈捐，将原本筹来救女的善款“挪用”去给儿子治唇腭裂，其“重要证据”仅是一个截图：其母在朋友圈晒出的一组带儿子在北京某医院照就诊的照片。后经证实，该费用是由另外一家基金会资助，和给女儿治病完全是两码事。（央视）O评论丨河南“小凤雅”事件真相出来了，谁该反思？反思什么？收起全文d,2018年05月27日 11:03, 转发 44,评论 127,//weibo.com/1926909715/GiyZY734B
广州日报,【河南“小凤雅”事件真相出来了，真的是诈捐吗？谁该反思？】近日，河南太康3岁女童王凤雅的离世引发了一场轩然大波，网友纷纷指责其父母涉嫌诈捐。但25日，河南太康警方表示不存在诈捐。经警方调查，确认王凤雅家属当初的筹款目标是15万元，但实际上只收到38638元捐款。且这些钱基本用在了王凤雅的治疗上，目前还结余1301元。其爷爷将1301元善款交到了太康县慈善会。在自媒体崛起的移动互联网时代，微博、朋友圈中从来都不缺乏口水，稀缺的是对事实的探究和对真相的执着。就这一起事件而言，一些自媒体发文质疑王凤雅父母诈捐，将原本筹来救女的善款“挪用”去给儿子治唇腭裂，其“重要证据”仅是一个截图：其母在朋友圈晒出的一组带儿子在北京某医院就诊的照片。后经证实，该费用是由另外一家基金会资助，和给女儿治病完全是两码事。（央视、人民日报）O评论丨河南“小凤雅”事件真相出来了，谁该反思？反思什么？收起全文d,2018年05月27日 11:30, 转发 43,评论 61,//weibo.com/1887790981/GizaU1UoM
梨视频,【王凤雅家长首次公开募款花费明细，警方回应：不存在诈捐行为】女童王凤雅不幸离世事件持续发酵，面对质疑，5月25日，其家长首次对外详细说明了网络募捐款项的使用情况，其中：水滴筹捐款和网上捐款共38638元，共花费37337元，剩余1301元已交给太康县慈善会。警方回应称，不存在诈捐行为。@风声视频#重病女童王凤雅去世#L梨视频的秒拍视频收起全文d,2018年05月26日 01:54, 转发 80,评论 631,//weibo.com/6004281123/GilYXBf0W
澎湃新闻,【“王凤雅事件”续：公益组织叫停筹款】L澎湃新闻的秒拍视频近日，河南太康“王凤雅”事件引发舆论关注，家属卷入“诈捐”舆论漩涡。参与事件的“志愿者”、“公益组织”也备受质疑。25日，“上海大树公益”发说明称，受“王凤雅”事件影响，数名病童筹款被相关基金会暂停。（视频来源：综合网络）O网页链接收起全文d,2018年05月26日 14:33, 转发 53,评论 227,//weibo.com/5044281310/GiqWGpSCx
中国之声,,2018年05月25日 04:46, 转发 72,评论 86,//weibo.com/1699540307/GidGaCBsN
果壳,,2018年05月25日 01:49, 转发 1070,评论 1204,//weibo.com/1850988623/Gicwk8GdY
新闻晨报,【王凤雅之死后续：爷爷将剩余捐款全数交公 自称每天遭短信谩骂】5月25日，王凤雅的爷爷在记者和当地政府官员的陪同下，一同前往太康县民政局社会福利股，将剩余的1301元善款捐给慈善组织。王凤雅爷爷说，此前网络谣言宣告孙女死亡后，家庭每天遭不明短信轰炸谩骂，他们并没有不给孙女治病，面对谣言希望能得到法律帮助。L新京报我们视频的秒拍视频收起全文d,2018年05月26日 09:06, 转发 27,评论 115,//weibo.com/1314608344/GioOfw0cR
凤凰周刊,【女童小雅去世事件真相出来了：其父母不存在诈捐行为】近日，3岁女童王凤雅的离世引发轩然大波，网友纷纷指责其父母涉嫌诈捐。经警方调查，确认当初的筹款目标15万，但实际只收到38638元，且这些钱基本用在了王凤雅的治疗上，目前还结余1301元，已交到太康县慈善会。据此，警方表示不存在诈捐。O“小凤雅”事件真相出来了 谁该反思？反思什么？via.中国新闻网收起全文d,2018年05月27日 13:01, 转发 54,评论 60,//weibo.com/1267454277/GizM34bBy
观察者网,【《“救我……”3岁女婴正在等待被父母拖死》漫画作者致歉】漫画作者“卷卷”表示，创作的初衷是因为关注到了的一条微博热搜，一位名叫“作家陈岚”的博主发了条实名举报：“3岁的王凤雅疑似被亲生父母虐待致死”，令“卷卷”感到震惊和愤怒。在自认为基本掌握了凤雅的病情发展脉络后，开始创作脚本，想通过漫画的形式让更多人知道这件事情。致歉声明→O致歉声明收起全文d,2018年05月26日 16:00, 转发 261,评论 254,//weibo.com/1887344341/Girwc9brz
界面新闻,,2018年05月26日 10:00, 转发 690,评论 597,//weibo.com/5182171545/Gip9SeWAQ
新浪视频,【王凤雅母亲：不接受作家陈岚的道歉 】4月9日，网络大V@作家陈岚在微博向警方实名举报王凤雅疑被父母虐待致死。5月27日，陈岚发表微博长文阐述事件经过并道歉。王凤雅母亲杨美芹说，陈岚未向医院和家属证实，就发布孩子死亡信息，希望她正式道歉。王凤雅爷爷说，接下来将依法维权。L新京报我们视频的秒拍视频收起全文d,2018年05月28日 21:39, 转发 30,评论 142,//weibo.com/1640601392/GiMAR8maD
观察者网,【王凤雅母亲回忆赴京看病经过：志愿者摆拍 劝我用哭博取同情】5月4日，不到3岁的女童王凤雅患视网膜母细胞瘤去世，其母杨美芹曾通过水滴筹募集治疗费用。随后，志愿者举报杨美芹利用女儿病情募款后，“拿女儿的救命钱给儿子治病”。杨美芹说，到北京后发现，志愿者并未事先安排好医院，遭到多家医院拒收后，她带女儿返回老家，此后女儿病情恶化。她说，志愿者在帮助过程中存在摆拍，拍完照片后很少过问孩子病情。（新京报）L新京报我们视频的秒拍视频收起全文d,2018年05月28日 09:20, 转发 279,评论 770,//weibo.com/1887344341/GiHKD8ZLv
新浪视频,【王凤雅主治医生回忆治疗：全家陪伴住院超50天 一直要求用好药】近日，不满3岁的王凤雅离世引起关注。此前，有自媒体发布文章称，女童王凤雅家人募集善款后不为其治病，涉嫌“诈捐”。26日，记者专访王凤雅生前在张集乡卫生院治疗期间的主治医生杨荣光。他说，王凤雅住院期间父母亲人都陪伴在她身边，一直要求积极治疗，不存在重男轻女的现象。@新京报我们视频L新京报我们视频的秒拍视频收起全文d,2018年05月27日 11:10, 转发 32,评论 90,//weibo.com/1640601392/Giz2Te6VL
新浪视频,【视频 |王凤雅去世后续：家属回应质疑】5月4日，不满三岁的重病女童王凤雅去世。针对家属“筹款去向”的质疑再次刷屏，在孩子病危期间，家属首次面对镜头回应质疑：①为凤雅募捐的水滴筹募款为3.6万元，并非15万②给家中男孩治唇裂由@嫣然天使基金全额资助，并非为凤雅募捐的善款。@梨视频L梨视频的秒拍视频收起全文d,2018年05月25日 18:58, 转发 44,评论 475,//weibo.com/1640601392/Gijg35foy
新闻晨报,【王凤雅母亲回忆赴京看病经过：志愿者摆拍 劝我用哭博取同情】5月4日，不到3岁的女童王凤雅患视网膜母细胞瘤去世，其母杨美芹曾通过水滴筹募集治疗费用。随后，志愿者举报杨美芹利用女儿病情募款后，“拿女儿的救命钱给儿子治病”。杨美芹说，到北京后发现，志愿者并未事先安排好医院，遭到多家医院拒收后，她带女儿返回老家，此后女儿病情恶化。她说，志愿者在帮助过程中存在摆拍，拍完照片后很少过问孩子病情。（新京报）L新京报我们视频的秒拍视频收起全文d,2018年05月28日 08:40, 转发 30,评论 111,//weibo.com/1314608344/GiHuoo2dJ
梨视频,【#母亲携20万救命善款出走#遗弃白血病儿子？背后有隐情】河南王凤雅事件发生不久，媒体报道了合肥白血病患儿“成成”在治疗过程中，其母携带捐助的善款“失联”的消息。 不过，我们多方走访发现，此事另有隐情。而失联40多天的孩子母亲也通过短信，首次回应了携款出走遗弃病儿的质疑。@风声视频L风声视频的秒拍视频收起全文d,2018年06月05日 12:39, 转发 18,评论 78,//weibo.com/6004281123/GjWtDARCC
新浪视频,【3岁女童因恶性肿瘤身亡 父母被指拿捐款治儿子兔唇、放弃女儿】5月4日，河南省太康县不满三岁的王凤雅因重病去世，此前王凤雅的母亲曾在水滴筹等多个平台筹集资金，为她治病。此后，有网友质疑王凤雅去世后，所筹资金并未全部用完，并要求他们公布筹集资金去向。经调查，此事不构成刑事案件，目前包括太康县和张集乡在内的相关工作人员都在做家属的思想工作，建议王凤雅家人将除去治疗后的筹款资金退还给相关部门。但目前家属并未透露筹款金额和剩余资金，并拒绝退还。L北京青年报的秒拍视频收起全文d,2018年05月24日 18:11, 转发 32,评论 96,//weibo.com/1640601392/Gi9wb5ofl
澎湃新闻,【重病幼女王凤雅死后家属被疑诈捐，不透露剩余金额并拒绝退还】L北京青年报的秒拍视频5月4日，河南省太康县一对夫妇的重病幼女王凤雅去世，此前王凤雅母亲曾在水滴筹等多个平台筹集资金为女儿治病。此后，多名网友质疑王凤雅去世后，其家人所筹资金并未全部用完，并要求他们公布筹集资金去向。太康县公安局回应，经调查，此事不构成刑事案件，目前包括太康县和张集乡在内的相关工作人员都在做家属的思想工作，建议王凤雅家人将除去治疗后的筹款资金退还给相关部门。但目前家属还未透露筹款金额和剩余资金，并拒绝退还。北青网O重病幼女王凤雅死后家属被疑诈捐，不透露剩余金额并拒绝退还收起全文d,2018年05月24日 17:45, 转发 126,评论 433,//weibo.com/5044281310/Gi9lMCo3S
南方周末,【眼癌女童王凤雅之死 没有赢家的“爱心”撕扯】那几天，一直有人表示愿意帮助她发起水滴筹。杨美芹记得这个人给她送过很多礼物，是真心想帮她，就将一应证件、材料全都传给她。结果因为不是本人操作，没能通过水滴筹的审核。3月15日，只会用语音输入的杨美芹，自己花了一晚上再次发起水滴筹。因为有更多网友转发，第二次筹款效果比第一次好。也正是这一次筹款，引发巨大的争议。O眼癌女童王凤雅之死 没有赢家的“爱心”撕扯收起全文d,2018年05月31日 14:16, 转发 87,评论 145,//weibo.com/1639498782/GjbYhjk9D
今晚报,【评论丨河南“小凤雅”事件真相出来了，谁该反思？反思什么？】近日，河南太康3岁女童王凤雅的离世引发了一场轩然大波，网友纷纷指责其父母涉嫌诈捐。但25日，河南太康警方表示不存在诈捐。经警方调查，确认王凤雅家属当初的筹款目标是15万元，但实际上只收到38638元捐款。且这些钱基本用在了王凤雅的治疗上，目前还结余1301元。其爷爷将1301元善款交到了太康县慈善会。在自媒体崛起的移动互联网时代，微博、朋友圈中从来都不缺乏口水，稀缺的是对事实的探究和对真相的执着。就这一起事件而言，一些自媒体发文质疑王凤雅父母诈捐，将原本筹来救女的善款“挪用”去给儿子治唇腭裂，其“重要证据”仅仅是一个朋友圈截图：王凤雅母亲在朋友圈晒出的一组带儿子在北京某医院照就诊的照片。后经证实，给儿子进行唇裂手术的费用是由另外一家基金会资助，和给女儿治病完全是两码事。O评论丨河南“小凤雅”事件真相出来了，谁该反思？反思什么？收起全文d,2018年05月27日 17:09, 转发 33,评论 128,//weibo.com/1960785875/GiBoI8DzE
新浪视频,【王凤雅家属回应不给治病质疑 志愿者称没想到一口答应去北京看病】针对于志愿者马婵娟称“凤雅家属就没想过救治凤雅”的说法，凤雅的爷爷称，他们带孩子跟着志愿者奔波到北京，去了北京儿童医院。“眼科医生说孩子奄奄一息，做手术没有意义，做化疗更不可能。我说再也不要折腾了，先保住孩子命要紧。志愿者就不让走，说走就报警…”他和儿媳妇都觉得，去北京看病本身就是骗局，“好像所有人都关心我的孙女，但我唯一想感谢的是乡卫生院的医生，要不是他们，孩子早不在了。”L腾讯新闻的秒拍视频收起全文d,2018年05月26日 14:42, 转发 41,评论 237,//weibo.com/1640601392/Gir0C87Yb
凤凰周刊,【#王凤雅之死后续#：爷爷将剩余捐款全数交公 自称每天遭短信谩骂】5月25日，王凤雅的爷爷在记者和当地政府官员的陪同下，一同前往太康县民政局社会福利股，将剩余的1301元善款捐给慈善组织。王凤雅爷爷说，此前网络谣言后，家庭每天遭不明短信轰炸谩骂，他们并没有不给孙女治病，面对谣言希望能得到法律帮助。L新京报我们视频的秒拍视频via.新京报我们视频收起全文d,2018年05月26日 11:25, 转发 22,评论 139,//weibo.com/1267454277/GipIDfdQP
新浪视频,【王凤雅之死后续：爷爷将剩余捐款全数交公 自称每天遭短信谩骂】5月25日，王凤雅的爷爷在记者和当地政府官员的陪同下，一同前往太康县民政局社会福利股，将剩余的1301元善款捐给慈善组织。王凤雅爷爷说，此前网络谣言宣告孙女死亡后，家庭每天遭不明短信轰炸谩骂，他们并没有不给孙女治病，面对谣言希望能得到法律帮助。L新京报我们视频的秒拍视频收起全文d,2018年05月26日 09:05, 转发 16,评论 85,//weibo.com/1640601392/GioNwiXy3
中国之声,【“王凤雅小朋友之死”背后：谜之善款额、矛盾时间线和糊涂逝去生】:昨天，一篇名为“王凤雅小朋友之死”的文章迅速在网络上传播。河南太康县的雅雅事件，节目此前多次报道过。去年9月，当时只有两岁的女童王凤雅被查出患有视网膜母细胞瘤，但医生判断有很大治愈可能。雅雅的母亲杨美芹以女儿患癌为由，通过多种网络渠道筹集了数目不详、但至少数万元的网友善款。然而今年3月，有公益组织发现，杨美芹将善款提现后，却并没有给女儿治病。在爱心人士的上门督促下，杨美芹才带着雅雅上北京求医。但就在医院，杨美芹不顾爱心人士的劝阻，把女儿带走。4月初，杨美芹谎称女儿已经死亡，被公益组织戳穿。太康县警方当时表示，孩子已经在镇卫生院接受简单治疗。而通过昨天开始大量传播的文章我们遗憾地得知，仅一个月后，雅雅死亡。详戳↓↓O“王凤雅小朋友之死”背后：谜之善款额、矛盾时间线和糊涂逝去生命@腾讯新闻L中国之声的秒拍视频收起全文d,2018年05月25日 15:20, 转发 33,评论 64,//weibo.com/1699540307/GihPtmtay
凤凰周刊,【王凤雅母亲回忆赴京看病：志愿者摆拍 劝我用哭博取同情】杨美芹说，到北京发现志愿者并未事先安排好医院，遭到多家医院拒收后，她带女儿返回老家，此后女儿病情恶化。志愿者称“我们根本就不知道他们要去看病”，并表示承诺的是帮忙筹款。杨美芹还称，志愿者在帮助中存在摆拍。via.新京报我们视频L新京报我们视频的秒拍视频收起全文d,2018年05月28日 12:02, 转发 28,评论 45,//weibo.com/1267454277/GiIOo54ds
观察者网,【王凤雅母亲：不接受@作家陈岚道歉 】4月9日，大V陈岚在微博向警方实名举报王凤雅疑被父母虐待致死。5月27日，陈岚发表微博长文阐述事件经过并道歉。王凤雅母亲杨美芹说，陈岚未向医院和家属证实，就发布孩子死亡信息，希望她正式道歉。王凤雅爷爷说，接下来将依法维权。（新京报我们视频）L新京报我们视频的秒拍视频收起全文d,2018年05月28日 21:32, 转发 192,评论 335,//weibo.com/1887344341/GiMxMuEW7
新京报我们视频,【王凤雅主治医生回忆治疗：全家陪伴住院超50天 一直要求用好药】近日，河南太康患有视网膜母细胞瘤的女童王凤雅离世引起关注。此前，曾有自媒体发布文章称，王凤雅家人募集善款后不为其治病，涉嫌“诈捐”。5月26日，记者专访王凤雅生前在张集乡卫生院治疗期间的主治医生杨荣光，他说，王凤雅住院期间父母亲人都陪伴在她身边，一直要求积极治疗，不存在重男轻女的现象。L新京报我们视频的秒拍视频@新京报收起全文d,2018年05月27日 11:02, 转发 30,评论 194,//weibo.com/6124642021/GiyZKfh8C
新京报,【“大树公益”项目因“王凤雅事件”被暂停】 昨日(5月25日)晚间，“王凤雅事件”相关公益机构“大树公益”发布声明称，因为该事件，机构受到牵涉，数十个危重患儿的捐款项目被停。声明称，“王凤雅事件和我们的任何项目没有任何关系。”其未曾对“王凤雅事件”立项募捐或拨款，“公众号也从未转发该事件新闻，更未发布过不实消息。”O“大树公益”项目因“王凤雅事件”被暂停收起全文d,2018年05月26日 16:21, 转发 26,评论 113,//weibo.com/1644114654/GirESevuT
凤凰周刊,【被指诈捐河南重病幼女家属：不接受作家陈岚道歉】4月8日，作家陈岚微博发文，质疑眼疾女童小雅家属诈捐。5月24日《王某雅小朋友之死》一文，更是将小雅一家推上了舆论的风口浪尖。5月27日，陈岚发微博表示向王凤雅的家人道歉。小雅母亲表示，家人不愿接受陈岚的道歉。接下来，他们将依法维权，如果协商无果，将起诉参与炒作此事的相关公益人士。via.新京报O河南眼癌女童母亲“诈捐”事件：家人不接受陈岚道歉收起全文d,2018年05月29日 09:15, 转发 22,评论 121,//weibo.com/1267454277/GiR9sh2ij
第一财经日报,,2018年05月28日 21:59, 转发 19,评论 52,//weibo.com/1926909715/GiMIHqeVP
新京报,,2018年05月26日 09:21, 转发 15,评论 39,//weibo.com/1644114654/GioU3bJYZ
澎湃新闻,【河南去世女童王凤雅爷爷：善款剩1000余元，已交当地政府】近日，河南太康3岁女童小雅去世后，其家人一度陷入舆论漩涡。24日晚，小雅的爷爷在接受媒体采访时表示，小雅自2017年农历十月患病后，家属通过水滴筹发起两次网络筹款，筹款金额共计3.8万余元，而非网传“15万元”，筹款都用在为小雅治病上，但小雅仍于今年5月4日不治去世；目前善款剩余1000余元，“准备交给政府”。北京青年报O网页链接收起全文d,2018年05月25日 20:38, 转发 77,评论 325,//weibo.com/5044281310/GijUnf6ka
局面,#小凤雅事件#【局面｜小凤雅母亲和爷爷 回应有关善款用途的质疑】2017年9月，河南省太康县女童王凤雅2岁被确诊患视网膜母细胞瘤。因其家庭无法承担巨额治疗费用，母亲杨美芹发起网络募捐。2018年5月4日，不到3岁的小凤雅离开了人世。近日，有关王凤雅的病情和治疗、善款提现后的用途引发争议。《局面》专访了小凤雅的母亲和爷爷，看他们如何回应多方质疑。眼癌女童小凤雅事件收起全文d,2018年05月29日 17:23, 转发 199,评论 1020,//weibo.com/6294930327/GiUl9zRfN
扬子晚报,【王凤雅爷爷：我没有不给孩子治病】近日，女童王凤雅离世引起关注。此前，有报道称其家人曾在水滴筹等平台募集15万元善款后不为其治病涉嫌“诈捐”。5月25日，王凤雅爷爷公开回应：水滴筹的款项是3.5万而并非是网上所说的15万。而且治疗王凤雅弟弟兔唇确系嫣然基金出资，并非给王凤雅获得的捐款。他说，此前网络谣言宣告孙女死亡后，家庭每天遭不明短信轰炸谩骂，他们并没有不给孙女治病，面对谣言希望能得到法律帮助。（封面新闻）O专访王凤雅爷爷：警方拿走了所有记录 我没有不给孩子治病L封面新闻视频的秒拍视频收起全文d,2018年05月27日 15:03, 转发 22,评论 39,//weibo.com/1653603955/GiAzmcolA
猫扑,【王凤雅母亲：不接受@作家陈岚道歉 】4月9日，网络大V@作家陈岚在微博向警方实名举报王凤雅疑被父母虐待致死。5月27日，陈岚发表微博长文阐述事件经过并道歉。王凤雅母亲杨美芹说，陈岚未向医院和家属证实，就发布孩子死亡信息，希望她正式道歉。王凤雅爷爷说，接下来将依法维权。L新京报我们视频的秒拍视频收起全文d,2018年05月28日 21:27, 转发 41,评论 301,//weibo.com/1660452532/GiMvIvbAw
新浪新闻客户端,,2018年05月25日 19:30, 转发 16,评论 50,//weibo.com/2318910945/GijsP58Qm
界面新闻,,2018年05月28日 15:00, 转发 64,评论 123,//weibo.com/5182171545/GiJYRi2eX
大公-大公W,【女童小雅去世事件真相出来了：其父母不存在诈捐行为】近日，3岁女童王凤雅的离世引发轩然大波，网友纷纷指责其父母涉嫌诈捐。经警方调查，确认当初的筹款目标15万，但实际只收到38638元，且这些钱基本用在了王凤雅的治疗上，目前还结余1301元，已交到太康县慈善会。据此，警方表示不存在诈捐。(央视)O“小凤雅”事件真相出来了 谁该反思？反思什么？收起全文d,2018年05月28日 13:29, 转发 19,评论 41,//weibo.com/1895431523/GiJnFxTsg
中国之声,【用假资料也能在网捐平台筹款？ 律师：平台无义务审核材料真伪】近日，河南“王凤雅小朋友”事件引起网络热议，本是募捐善举，最终将整个家庭卷入疑似诈骗的舆论漩涡。日前，有媒体实测水滴筹、爱心筹、轻松筹三大网络募捐平台，发现假资料也能发起筹款并提现。网络筹款平台对募捐活动有多大监管责任？O用假资料也能在网捐平台筹款？ 律师：平台无义务审核材料真伪收起全文d,2018年06月01日 21:45, 转发 24,评论 32,//weibo.com/1699540307/Gjol84Sp9
界面新闻,,2018年05月27日 12:50, 转发 57,评论 142,//weibo.com/5182171545/GizHncOPb
观察者网,【3岁王凤雅之死后续 警方称不构成刑事案件 家属拒绝退款】5月4日，河南省太康县一对夫妇的重病幼女王凤雅去世，此前王凤雅母亲曾在水滴筹等多个平台筹集资金，为女儿治病，但多名网友对资金去向和用途产生怀疑。太康县公安局表示，经过调查，此事不构成刑事案件。而家属不愿透露筹款金额和剩余资金，并拒绝退还。O王凤雅之死事件进展：孩子家属拒绝透露筹款金额和剩余资金收起全文d,2018年05月24日 16:44, 转发 63,评论 257,//weibo.com/1887344341/Gi8X8lEZL
凤凰周刊,【河南“小凤雅”事件真相出来了，谁该反思？】近日，3岁女童王凤雅的离世引发了一场轩然大波，网友纷纷指责其父母涉嫌诈捐。但经调查，确认当初的筹款目标是15万，但实际只收到38638元，且这些钱基本用在了王凤雅的治疗上，目前还结余1301元，已上交。据此，警方表示不存在诈捐。O央视评论丨河南“小凤雅”事件真相出来了，谁该反思？via.头条新闻收起全文d,2018年05月27日 10:12, 转发 40,评论 91,//weibo.com/1267454277/GiyFqxtwE
午后的水妖,,2018年05月30日 09:14, 转发 63,评论 145,//weibo.com/1692919345/Gj0zg0KMV
医生妈妈欧茜,感谢丁香医生的深入报道。杨美芹不是最初在社交网络上被广泛传播恶人。她做的每一步选择，其实符合她所在环境的逻辑。她所做出的那些令人愤怒的决策，不见得是心地恶毒，更多是囿于她的贫穷和对医学的无知。她是一个过着艰苦日子的普通农村母亲，只不过不被命运眷顾而已。【王凤雅之死：农村家庭残酷物语 】O王凤雅之死：农村家庭残酷物语收起全文d,2018年05月28日 09:20, 转发 288,评论 507,//weibo.com/2399301482/GiHKRBlge
腾讯新闻出品,【王凤雅主治医生：全家陪伴住院超50天 一直要求用好药】近日，河南患有视网膜母细胞瘤女童王凤雅的离世引起关注。此前，曾有自媒体称其家人涉嫌“诈捐”。王凤雅生前曾在张集乡卫生院接受治疗，她的主治医生杨荣光说，住院期间家人一直都比较配合治疗，而且强烈要求用最好的药，用最好的治疗方法。@紧急呼叫LiveL腾讯新闻的秒拍视频收起全文d,2018年05月27日 09:10, 转发 972,评论 757,//weibo.com/1763084680/GiygcbZ6K
盐都小警察,#小警有话说#首先，表达我心中的愤怒，这样的父母，不配为人。王凤雅去世这个案例中，如果网传属实，个人认为她的父母涉嫌诈骗罪和遗弃罪。1、根据《中华人民共和国刑法》第二百六十六条规定，诈骗罪是指以非法占有为目的，用虚构事实或者隐瞒真相的方法，骗取数额较大的公私财物的行为。本案例中，其父母隐瞒了真相，真相为筹款为自己儿子治病或者自用，并不是为王凤雅治病。让筹款人产生了错误认识，从而遭受了财产损失。所以，符合诈骗罪的基本条件。河南省诈骗罪的立案标准，5万元以上为数额巨大。2、遗弃罪是指负有扶养义务的人，对年老、年幼、患病或者其他没有独立生活能力的人拒绝扶养，情节恶劣的行为。其中就包括了行为人对患病的家庭成员，应当扶养而拒绝扶养的行为。希望她的父母得到应有的惩罚，希望王凤雅下辈子能找个好人家！O王凤雅案件，她的父母应该承担哪些责任?收起全文d,2018年05月24日 14:46, 转发 133,评论 100,//weibo.com/3227910883/Gi8bjESsE
八组兔区爆料,现在王凤雅事件已经沉下来了，回顾这件事聚焦了现在太多的热点重男轻女、贫富差距、医疗、募捐等看完发生在王凤雅一家人身上的事，反复推想整个事情的来龙去脉，看完了所有的报道，心里没有了愤怒，只是无尽的悲哀和愧疚。整件事情其实不只是是重男轻女的问题，还包含了贫富差距、教育缺失、农村医疗保障问题、慈善救助账目杂乱、农村女性婚后几乎无人关心的精神生活......这些最能刺激大众的G 点几乎都集中在了王凤雅一家人的身上，引爆了舆论，最终一地鸡毛。整体的，就是巨大的阶层隔阂暴露在网民的眼皮下后所展现出的社会百态。几类人仿佛不在同一个世界，也仿佛缺失了共情能力，事情发展到今天，仍然有许多人谴责王凤雅一家人重男轻女、谴责他们愚昧无知，传递出一种“没钱就别生孩子”“你穷你就能诈捐”的相对于王凤雅一家人来说较高的道德诉求，我不知道要怎么形容他们。我反复推想，如果凤雅是出生在城市的普通家庭中，这时候她的家人迫于经济原因，选择保守治疗，并且得到3w捐款，舆论对他们的态度会有改变吗？如果凤雅是个得了严重眼疾的男孩子呢？他的父母会不会或者甚至说有没有能力拿出比网友想象得多的钱来给他治呢？重男轻女是凤雅死亡的根本原因吗？志愿者们在这次事件中到底扮演了什么样的角色呢？为什么在这种社会性事件中人们仍然更愿意相信陈岚这样臭名昭著的大V而不是这个刚刚经受女儿死亡的母亲，着手调查的jc，为母亲说话的官媒呢？因为她正好是抨击社会现实的有利靶子吗？因为她其实限于经济原因并没有多少办法对那些骂她的人进行有力的惩罚吗？因为她其实在网络上并没有多少话语权吗？因为她正好接受了两三千网友募捐给她的连基本的押金都可能交不起的善款而不得不“拿人手短，吃人嘴软”吗？那么她活该接受几乎十倍于捐款人数的看客的指责吗？就因为“你都拿到钱了/那么蠢了/重男轻女了，还不允许我们骂一骂”？她也许真的有着部分农村人根深蒂固的重男轻女的想法，但是在这件事中，重男轻女不是根本问题，就算得病的是儿子，最后的结局也是和女儿一样，她的家庭情况和她的受教育程度，就已经决定了这个悲剧，这不单单能说是她的错....可能最开始大家都是带着猎奇的心态在关注他们，或许在潜意识里或许似乎少了那份本该有的同理心...收起全文d,2018年05月30日 17:29, 转发 34,评论 203,//weibo.com/5255814135/Gj3OgkZ1i
大河报,"【""太康王凤雅小朋友之死""的真相浮出水面！网友纷纷转发道歉 】近日，太康王凤雅小朋友之死成了舆论焦点。有网友怀疑其家人拿捐款给儿子看兔唇，延误了王凤雅的病情。如今真相水落石出：王辉、杨美琴夫妇不存在诈捐，并且筹到的善款也全都用在了女儿的治疗上。 漫画《“救我……”3岁女婴正在等待被父母拖死》的作者@明白漫画致歉，称漫画主人公“丫丫”并非王凤雅，因过于相似导致误解。不少网友转发微博，要向王凤雅家人道歉。那么，真相已浮出水面，谁该反思？（X）O网页链接收起全文d",2018年05月27日 08:44, 转发 29,评论 67,//weibo.com/1734530730/Giy5Omj3v
刺萼龙逵152,杨美芹，王太友，还有媒体大B们，感谢你们这些天的“努力”。【说谎的人一次次出现在镜头前，一次次强忍着恶心看“缺席采访”】@王志安，采访苏享茂家属的时候你在视频首尾不止一次发声明，采访不到翟欣欣，所以只能听取单方说法。采访王凤雅家属的时候，怎么不解释为啥不采访志愿者？@作家陈岚有没有应王太友要求赔偿精神损失？@水滴筹沈鹏下次买奶粉买尿不湿买姨妈巾也可以水滴筹了吗？@河南省扶贫基金会，河南真牛，盖小楼带项链，公媳都用新手机，生5个也能评上贫困户，享受乡卫生所一站式服务。@河南省卫生计生委积极响应国家二胎政策，超数量完成任务。@嫣然天使基金有傻子还以为你们就在@嫣然天使儿童医院办公伤的是爱心妈妈的那颗热心，凉的是普通群众的公益热情。收起全文d,2018年05月29日 19:07, 转发 36,评论 164,//weibo.com/2408791330/GiV1ps8Rw
十九瑶一瑶,这是我发的第一条关于王凤雅的微博，因为局面所谓的“反转”采访让我看吐了。“诈捐？没票据？重男轻女？但农村人苦啊！他们都这么苦了，见识又少，本身就是受害者，你们这些悠闲安逸的小资阶级还计较什么？都给我出来道歉！”这就是我读到的观点。我之前没转发过，没“加害”过，应该不用跪着道歉了吧？原谅我从头到尾理了一遍事件始末，愣是没找出哪里“反转”了，一帮人喊得再凶，恨不得掐死果壳网和志愿者，我也没看出“反转”来。“反转”个屁。是为了一个男孩生了四个女孩吧？空调是为了防止男孩感染才买的吧？是放弃了对王凤雅的住院治疗吧？17年11月3日水滴筹，说已经为男孩花光了积蓄，那么11、12、2月带男孩去北京三次复查的交通费（嫣然基金不提供）是挪用王凤雅的治疗款吧？既然用了王凤雅的治疗款，为什么不把她一起带上？你哪怕多买一张票，抱她去北京的医院让专家看一眼呢？为什么要到今天四月病危了，爱心妈妈过来劝了才去？也不要说区区三万块能治个啥，第三次水滴筹失败就是因为拿不出前面这三万的治疗凭据，如果真的花钱治了，后面可以筹到更多。一万块奶粉钱，我是水滴筹我也当你诈捐。说真的，要不是水滴筹设置了上传治疗凭据才能继续筹款的条件，可能就不止一万块奶粉钱了。最后孩子快不行了，跑到根本不能治癌症、可以高比例报销的卫生院要求“用最好的药”，明明是打点滴等死的做法，还要为了缓解内心的负罪感声嘶力竭地哭喊。我真没看出来“反转”，一点也没看出来。现在参与了这件事的大V争相道歉，集体噤声。我反正不是V，之前也没参与过，我敞开了说，也不怕你们觉得我戾气重：这家人就是重男轻女，就是不尽力治疗，就是借女儿的病筹款治儿子，哪怕他们有苦衷。没有人否认他们苦，是苦啊，爸爸智力障碍，妈妈生了五个小孩，小孩又频频生病，能不苦吗？然后呢？因为过得苦，所以一大笔糊涂账就不要追究了。因为过得苦，所以明知放弃治疗会死依然放弃治疗就变得情有可原了。因为过得苦，所以采访他们，看一看他们流的眼泪，王凤雅失去的生命就变成“无可奈何的心酸结局”了？王凤雅去世了，家人比路人痛苦，这是肯定的，但这同样是一句废话。我们没有和她相处过一分一秒，没有看到过她笑她哭，她对我们而言完全是个陌生的孩子，当然不能和她的父母比感情。那为什么不反过来想，和她没有感情的路人们尚且不忍心看着她死，捐了三万多，和她感情更深、会为她的死亡更痛苦的父母家人怎么就忍心了？因为是家人，所以更痛苦。也因为是家人，所以放弃治疗更不可原谅。如果父母真的像爱儿子一样爱她，我不相信会连一点有效治疗都不做，会带儿子去北京复查三次却不给她买一张票。但是，我不觉得他家尤其道德败坏，换了其他“四女一儿”的家庭，估计也是差不多的结局――同样贫苦，同样“不得不”放弃女儿，同样因为文化水平低而拿不出票据，同样在采访的时候真诚地哽咽、流泪、叹气、摇头。家人的痛苦和无奈都是真的，所以，“王凤雅被放弃”这件事就不该受到谴责了，对吗？质疑捐款去向就是吃人血馒头了，对吗？因为他们贫穷，没钱治病，所以需要筹款。但当筹款变成了糊涂账，又有人出来说：因为他们贫穷，很惨，文化层次低，所以不该被追责。看看，你们快把这可怜的一家人吓坏了，长点心做个人吧，四姐一弟难道就能证明他们重男轻女了吗？四姐一弟都不能证明他们重男轻女，装瞎吗？现在满屏的“道歉”和“反转”，满屏被各路人马挖出来的苦衷，抱歉，我不看，我只看“家人不给王凤雅有效治疗”这一条主线。我理解他们的苦衷，但我依然觉得他们做错了。收起全文d,2018年05月30日 09:20, 转发 11640,评论 3950,//weibo.com/5997929257/Gj0BKv8Fe
Qing,【王凤雅母亲回忆赴京看病经过：志愿者摆拍 劝我用哭博取同情】患视网膜母细胞瘤的王凤雅去世引起轩然大波，其家属也因无端的指责谩骂触碰到心底的伤痕，其母杨美芹称带女儿到北京后发现，志愿者并未事先安排好医院，遭到多家医院拒收后，她带女儿返回老家，此后女儿病情恶化。她说，志愿者在帮助过程中存在摆拍，拍完照片后很少过问孩子病情。L新京报我们视频的秒拍视频收起全文d,2018年05月28日 07:37, 转发 43,评论 152,//weibo.com/1154814271/GiH56f2gy
凤凰周刊,【河南去世女童王凤雅爷爷：善款剩1000余元，已交当地政府】近日，河南太康3岁女童小雅去世后，其家人一度陷入舆论漩涡。24日晚，小雅的爷爷在接受媒体采访时表示，小雅自2017年农历十月患病后，家属通过水滴筹发起两次网络筹款，筹款金额共计3.8万余元，而非网传“15万元”，筹款都用在为小雅治病上，但小雅仍于今年5月4日不治去世；目前善款剩余1000余元，“准备交给政府”。via.北京青年报O网页链接收起全文d,2018年05月25日 20:51, 转发 12,评论 59,//weibo.com/1267454277/GijZRmFOv
人民日报海外版-海外网,【3岁患癌女孩去世 父母被指拿募捐款只给儿子治病 警方回应】5月4日，河南省太康县一对夫妇的重病幼女王凤雅去世，此前王凤雅母亲曾在水滴筹等多个平台筹集资金，为女儿治病。此后，多名网友质疑王凤雅去世后，其家人所筹资金并未全部用完，并要求他们公布筹集资金去向。针对此事，北京青年报记者从太康县公安局了解到，经过调查，此事不构成刑事案件，目前包括太康县和张集乡在内的相关工作人员都在做家属的思想工作，建议王凤雅家人将除去治疗后的筹款资金退还给相关部门。但目前家属还未透露筹款金额和剩余资金，并拒绝退还。此外，据网友爆料，孩子妈妈确实去了北京，确实去了医院，但带去治疗的不是凤雅，而是她的哥哥。此次出远门为的是给这个男孩子治疗兔唇。兔唇的儿子在北京高档医院，垂危的女儿在乡镇卫生院，筹款花到谁身上了？面对志愿者的质询，这个家庭开始了百般狡辩。（北京青年报）O3岁患癌女孩去世 父母被指拿募捐款只给儿子治病 警方回应收起全文d,2018年05月24日 17:40, 转发 18,评论 102,//weibo.com/3057540037/Gi9jKbSyY
中国妇女报,【#王凤雅去世事件# 进展：家属拒绝透露筹款金额和剩余资金】5月4日，河南省太康县不满三岁的王凤雅因重病去世，此前王凤雅的母亲曾在水滴筹等多个平台筹集资金，为她治病。此后，有网友质疑王凤雅去世后，所筹资金并未全部用完，并要求他们公布筹集资金去向。北青报记者从太康县公安局了解到，经调查，此事不构成刑事案件，目前包括太康县和张集乡在内的相关工作人员都在做家属的思想工作，建议王凤雅家人将除去治疗后的筹款资金退还给相关部门。但目前家属并未透露筹款金额和剩余资金，并拒绝退还。（北京青年报）L北京青年报的秒拍视频收起全文d,2018年05月24日 17:16, 转发 29,评论 27,//weibo.com/2606218210/Gi9aas7Ix
新浪爱问医生,【王凤雅母亲回忆赴京看病经过：志愿者摆拍 劝我用哭博取同情】5月4日，不到3岁的女童王凤雅患视网膜母细胞瘤去世，其母杨美芹曾通过水滴筹募集治疗费用。随后，志愿者举报杨美芹利用女儿病情募款后，“拿女儿的救命钱给儿子治病”。杨美芹说，到北京后发现，志愿者并未事先安排好医院，遭到多家医院拒收后，她带女儿返回老家，此后女儿病情恶化。她说，志愿者在帮助过程中存在摆拍，拍完照片后很少过问孩子病情。L新京报我们视频的秒拍视频@新京报收起全文d,2018年05月28日 08:37, 转发 31,评论 168,//weibo.com/5076516542/GiHtceQlK
中国经济网,【王凤雅去世事件进展：家属拒绝透露筹款金额和剩余资金】5月4日，河南省太康县不满三岁的王凤雅因重病去世，此前王凤雅的母亲曾在水滴筹等多个平台筹集资金，为她治病。此后，有网友质疑王凤雅去世后，所筹资金并未全部用完，并要求他们公布筹集资金去向。记者从太康县公安局了解到，经调查，此事不构成刑事案件，目前包括太康县和张集乡在内的相关工作人员都在做家属的思想工作，建议王凤雅家人将除去治疗后的筹款资金退还给相关部门。但目前家属并未透露筹款金额和剩余资金，并拒绝退还。L北京青年报的秒拍视频收起全文d,2018年05月24日 18:44, 转发 80,评论 158,//weibo.com/1663612603/Gi9Jzp9KP
大河报,"【""太康女童王凤雅之死""引质疑，剩余善款已上交！警方：不存在诈捐】网友的质疑和愤怒像雨后潮湿的空气一般，将31岁的周口太康农村夫妇王辉、杨美琴笼罩。网友们关注的焦点，由王辉夫妇已经患病过世的女儿王凤雅引发。得知网友质疑的消息后，杨美琴几度伤心落泪，表示自己没有挪用网友捐款，也一直在为女儿的病积极治疗。而太康县公安局通过调查得知，王辉、杨美琴夫妇不存在诈捐行为。5月25日，王凤雅60多岁的爷爷赶到太康县慈善总会，将剩余的1000多元善款，转捐了出去。（X）O网页链接收起全文d",2018年05月25日 21:16, 转发 14,评论 43,//weibo.com/1734530730/Gik9LocSJ
新京报动新闻,【王凤雅家属不存在诈捐！3D还原真相：善款仅剩千元 弟弟治病未花】河南周口太康县警方近日回应“王凤雅之死”称不存在诈捐。经证实，相关款项未用于弟弟治病。凤雅爷爷27日称，将对造谣者追责。自去年10月29日，凤雅被太康县人民医院诊断为视网膜母细胞瘤至今年5月4日不治身亡，期间其家人共筹38638元，非网传15万。治疗后剩余1000余元，现已由王家交给太康慈善会。（澎湃新闻 南方都市报）@新京报L新京报动新闻的秒拍视频收起全文d,2018年05月27日 23:39, 转发 12,评论 29,//weibo.com/5463794433/GiDWNkko8
第一财经日报,【王凤雅之死：农村家庭的残酷现实 】在王凤雅最后在镇卫生院住院的时间里，杨美芹每天会接到无数谩骂的电话和短信，舆论经过一遍遍传播，她似乎已经变成了一个恶魔――一个重男轻女的农村家庭，处心积虑地利用女儿的癌症，募集了 15 万（最终确认的金额是 3.8 万），用于兔唇的儿子的治疗，还是在北京一个昂贵的私立医院（实际上儿子的治疗是由嫣然天使基金支持的），而重病的女儿被关在一个小房间内，最后被虐待致死。杨美芹忍不住地去看各种文章下面对她口诛笔伐的评论，她也曾给自己买了安眠药和农药，心里想「是我做错了吗？」因为在她带着孩子四处求医的经历里，很多医生的建议她并没有采纳。郑州医院的医生建议做病理检查，她们没做。北京儿童医院的医生建议做化疗，她们没做。王凤雅错过最初的治疗机会，跟名字有关。 杨美芹包括王凤雅在内的五个孩子都没有新农合医保。为了一些报销事宜，杨美芹冒用了哥哥的孩子「杨富豪」的名字。因为冒用医保，杨美芹耽误了王凤雅转院申请。（丁香医生）O王凤雅之死：农村家庭的残酷现实收起全文d,2018年05月28日 13:15, 转发 22,评论 107,//weibo.com/1926909715/GiJijpvhq
克里斯托夫-金,#金博士点评#非常同情王凤雅一家人非常厌恶对王凤雅家人的攻击非常不理解那么多媒体人为何仅仅咬住凤雅家人不放王凤雅母亲一村姑，没什么文化家庭贫寒，多病多难哪里经得起这帮处心积虑的老辣媒体人恶意构陷哪见过这样来势汹汹的集体化阵势事实太清楚了证据太确凿了女儿三岁患眼癌，多么悲痛的事这家人对女儿尽心尽力，苍天可鉴跑了多少医院，咨询了多少专家华夏大地，有几个中国父母做得到必须为王凤雅一家人拍案而起。幸运的是反转了，180°大反转。只说一件事实在难以启齿2249人捐款共捐出35689元平均每人慷慨捐出15元人民币一个早点钱大部分用于治疗还剩下1301元，如数退还还咋地捐了一个早点钱四处叫唤捐了15万惊天动地逼人家交出明细账上门，堵门，骚扰，恐吓，叫骂，恶文汹涌老实巴交、未见过世面的王凤雅家万般无奈这哪是捐赠这是上门逼债，这是丧天害理良知何在实在看不下去O王凤雅爷爷：遭遇指责和网络暴力 全家都要崩溃了收起全文d,2018年05月28日 07:59, 转发 110,评论 46,//weibo.com/1596329427/GiHdRkR5C
上海大树公益服务中心,情况说明尊敬的爱心人士、各方媒体以及受助儿童家长： 我们震惊的得知并很抱歉的告知大家，因为王凤雅事件我们机构的名字出现在新闻报道里，我们数十个危重小朋友的捐款项目被停。王凤雅事件众所周知我机构未立项未募款未拨款，我机构公众号也从未转发该事件新闻，更未发布过不实消息。王凤雅事件和我们的任何项目没有任何关系。我机构的所有项目被停我们全体员工都无法揣测和解释其中的逻辑，此事会影响到许多小朋友的拨款，我们也知道一些危重小朋友正面对生命危险而我们却暂时无法援助。我们会全力以赴配合基金会和相关部门对我们所有项目的审核核查工作，积极沟通，尽快恢复项目的正常运作。目前处于生死关头的几位小朋友：李语涵、范晨晨、李糖、马晨馨、胡兴旺、尚雪广大网友如有余力，请自行联系几位家长给予帮助。他们是全心全意救自己孩子的。#因为我们在乎#上海大树公益服务支持中心2018年5月25日2上海・复旦大学附属儿科医院收起全文d,2018年05月25日 21:54, 转发 177,评论 179,//weibo.com/5944623682/GikppePT4
央视网,,2018年05月28日 20:00, 转发 10,评论 27,//weibo.com/3266943013/GiLWpvC61
罗妮zyzyyuan,王凤雅及其弟弟的治病时间线2015年5月，王凤雅出生2016年下半年至2017年初，王凤雅弟弟出生2017年4月17日，王凤雅弟弟申请嫣然天使基金成功2017年4月，王凤雅弟弟在北京嫣然天使医院接受唇腭裂手术（4月25日入院，4月27日进行手术，5月3日出院）2017年6月至7月左右，王凤雅弟弟术后第一次复查（信息源：按照王凤雅爷爷的说法，遵医嘱，术后每两个月复查一次，持续一年）2017年9月，王凤雅确诊眼底母细胞瘤（信息源：水滴筹第一次募捐页说明）2017年8月至9月左右，王凤雅弟弟术后第二次复查2017年11月3日，王凤雅第一次水滴筹。（信息源：水滴筹第一次募捐页说明）且募捐声明中说给弟弟唇腭裂复查已经花光了积蓄2017年11月9日，王凤雅郑州大学第一附属医院就诊，14日放弃住院回家2017年10月至11月左右，王凤雅弟弟术后第三次复查2017年12月2日，王凤雅弟弟术后第四次复查（信息源：杨美芹朋友圈截图）2018年2月左右，王凤雅弟弟术后第五次复查2018年3月3日，王凤雅太康县人民医院就诊2018年3月9日，开始火山直播2018年3月17日，第二次水滴筹2018年3月30日，第三次水滴筹2018年4月5日-6日左右，在重庆爱心妈妈组织劝说下，王凤雅北京儿童医院就诊2018年4月左右，王凤雅弟弟术后应第六次复查（按王凤雅爷爷的采访，由于此时网上舆论，未敢去最后一次复查）2018年4月9日，王凤雅太康县人民医院就诊2018年4月至5月初，王凤雅杨集镇卫生院住院2018年5月4日，王凤雅去世(王凤雅合计两次太康，一次郑州，一次北京；王凤雅弟弟合计六次左右北京)按照嫣然基金会的章程，是明确只负责唇腭裂的功能恢复缝合手术费用的，钱不经过患者的手，直接打到定点医院账户上。也就是往返交通费和住宿费是需要家长自己承担的。王凤雅弟弟术后第三次复查、第四次复查、第五次复查，这三次往返北京，完全是可以带着王凤雅一起北京就诊的（三岁孩子坐火车反正也是免票的），却没有带。王凤雅4月初北京儿童医院就诊，这一次往返北京，也完全可以带着王凤雅弟弟顺道第六次复查（一岁半孩子坐火车反正也是免票的），却也没有带。如果说之前三次弟弟复查之旅可能是人手不足，带不过来两个孩子。本次是至少王凤雅爷爷和妈妈两个家人，且有志愿者随行。这四趟往返北京，都一次只干一件事儿，不是对路费和住宿费的浪费吗？即使不是善款，哪怕花的是王家自己的钱，也有点浪费啊……收起全文d,2018年05月29日 17:10, 转发 219,评论 214,//weibo.com/1167257004/GiUg9D3y5
第一财经日报,【3岁女童因恶性肿瘤身亡 父母被指拿着捐款治疗儿子兔唇放弃女儿】近日，一篇名为“王凤雅小朋友之死”的文章在网上热传，文中称河南省太康县一2岁半女童被诊断出患有视网膜母细胞瘤，其母杨美芹在获得15万捐款后却未救治眼球已脱出眼眶的女儿，反而去北京高端民营医院为儿子治疗兔唇。5月4日，不到3岁的女童离开人世。目前，这家人对网友要求偿还捐款的要求充耳不闻，当地公安部门已经介入调查。O网页链接收起全文d,2018年05月24日 17:17, 转发 26,评论 107,//weibo.com/1926909715/Gi9aC1FBj
上帝之鹰_5zn,王凤雅事件闹得最凶的时候，也有粉丝劝我关注一下，但我选择了沉默。一是对这件事的情形并不了解，怕贸然参与进去被人带了节奏；二是大家当时都在气头上，因此很难从舆论中得出理性的信息。现在新闻反转了，事实证明我做对了。另，坚决支持王凤雅的家人起诉陈岚，律师费不够我可以帮出，祝陈岚这个吃人血馒头上瘾的狗东西早日凉透！收起全文d,2018年05月27日 17:53, 转发 40,评论 81,//weibo.com/1647486362/GiBGyq7KI
大河报,【太康一对夫妻疑利用重病幼女诈捐致其死亡 警方回应】5月4日，周口太康县一对夫妇的重病幼女王凤雅去世，此前王凤雅母亲曾在等多个平台筹集资金，为女儿治病。此后，多名网友质疑王凤雅去世后，其家人所筹资金并未全部用完，并要求他们公布筹集资金去向。针对此事，记者从太康县公安局了解到，经过调查，此事不构成刑事案件，目前相关工作人员都在做家属的思想工作，建议王凤雅家人将除去治疗后的筹款资金退还给相关部门。但目前家属还未透露筹款金额和剩余资金，并拒绝退还。（X）O网页链接收起全文d,2018年05月24日 18:00, 转发 12,评论 53,//weibo.com/1734530730/Gi9rIbgLt
Qing,,2018年05月25日 19:30, 转发 24,评论 67,//weibo.com/1154814271/GijsOrf8c
午后的水妖,,2018年05月30日 09:23, 转发 44,评论 34,//weibo.com/1692919345/Gj0CTqt0A
腾讯新闻出品,【王凤雅之死后续：母亲采访时晕倒 剩余捐款全部交公】“妈妈真的很爱她”，王凤雅妈妈哭着说，随后发生晕厥。爷爷也表示，“男孩女孩都一样，但是她比他弟弟更娇贵，因为她患上这样的病了。在还能看见的时候，我媳妇花1000多块钱给她买了个手机，后来手机陪葬了。”昨天爷爷将剩余筹款1301元捐给了慈善组织，他说每天都被不明短信轰炸谩骂，他们并没有不给孙女治病，面对谣言希望能得到法律帮助。@紧急呼叫LiveL紧急呼叫Live的秒拍视频收起全文d,2018年05月26日 09:14, 转发 15,评论 78,//weibo.com/1763084680/GioRmuYIz
界面新闻,,2018年05月25日 19:59, 转发 20,评论 21,//weibo.com/5182171545/GijEvj4Cg
P子,如此贫困的家中一共有五个孩子，其父母在接连生了三个女儿以后，依然不放弃生儿子的愿望，在生完王凤雅之后，其父母终于迎来了的第五个孩子，才是个男孩，呵呵。生到男孩为止，这种传皇位似的重男轻女可不少。王凤雅爷爷说，所有花在王凤雅治疗的费用也就一万块。另外6个月买奶粉花了一万一（没有票据），剩下的一万多他们全家人开销都算在上面（原话：我们照顾她不用吃不用喝吗？）。从11月到今年5月，6个月，比较好的每盒4段的奶粉要250元（900克装/罐），11000除以250元除以6等于7.3，也就是说，王凤雅小朋友每个月要喝7.3罐奶粉。（正常孩子两罐至两罐半）媒体只是发出对这个家庭有利的视频，还有很多真的没发出来，或许希望人心向善，少点负能量，把人的坏降到最低点。可重男轻女的现象，在国内一些地方还是真实存在。好吧，主流媒体说啥就啥吧，和三文鱼一样。收起全文d,2018年05月28日 01:05, 转发 222,评论 207,//weibo.com/2269710922/GiEvT0SRf
中国经营报,,2018年05月27日 11:40, 转发 14,评论 17,//weibo.com/1650111241/GizeXsp0h
看理想vistopia,,2018年05月29日 20:32, 转发 73,评论 23,//weibo.com/5515318644/GiVzTjghu
食血肉者老白薯,王凤雅小朋友的事情，现在很多人是因为阶级，只敢道歉，不敢说话了。但要我说，就这点演技，戏别拓太宽了。这家人就凭两代都这么要儿子，生不出连别人家的脑残儿子也要，重男轻女的原罪就没可能翻过去。我们可以理解贫穷造成的很多不合理现象，但不代表这些现象就变得理所当然了。陈岚说话难听，手段霹雳，这个我见识过。但人本身就不是单面的。不能说做过善事就不能批判，也不能说做了错事就打成魔鬼。一句话撂着，中国的这类问题里头有多少花花肠子，白莲花的人还真干不成，理不清的。有些人在别人的事上口吐白莲，指手画脚，谁敢动他自己的奶酪，看着吧。转一篇，这也是我的看法。O女权主义行动派什么时候变得这么“善解人意”了？收起全文d,2018年05月30日 18:49, 转发 37,评论 28,//weibo.com/3885940577/Gj4kK8s89
刺萼龙逵152,,2018年05月31日 10:57, 转发 30,评论 127,//weibo.com/2408791330/GjaFy40xn
属于无力的善良,关于不幸的王凤雅小姑娘之死（转的）国人对慈善有很大误解。对重病家庭的真实处境也缺乏了解。别说只募捐了3万多，就算真募捐到了15万，对于这种重病来说实际也是杯水车薪。第一，小凤雅父母在水滴筹平台并没有募集到15万（这只是筹款目标），而是约3.6万元，这一数额得到了众筹平台的证实。第二，所募集到的款项，并没有挪作他用。小凤雅的爷爷告诉记者，为小凤雅看病之后还剩下1000元，将捐给相关部门。当地警方经过调查后也认为，募集到的款项并没有被挪用。第三，网络爱心人士最大的指控，小凤雅的母亲杨美芹，把爱心捐款用在了治疗儿子的唇腭裂上，此事不成立。5月24日下午，红星新闻记者致电由李亚鹏创立的北京嫣然天使儿童医院，得到证实：小凤雅弟弟到北京治疗唇腭裂的费用，是嫣然天使基金会出的，“术前检查和手术都是全部免费的，家属只需要承担往返交通费用和住宿费用”。收起全文d,2018年05月25日 18:27, 转发 885,评论 175,//weibo.com/6498402983/Gij3ehloy
网易新闻客户端,【夫妻疑利用3岁女儿诈捐并致其死亡：拒退剩余筹款】“王凤雅小朋友之死”的帖子引发关注。消息称，王凤雅患有视网膜母细胞瘤，其母在多个平台筹集资金，却用善款为儿子治疗兔唇，并未给女儿治病。网友质疑王凤雅去世后，所筹资金并未全部用完，要求家人公布资金去向。目前家属未透露筹款金额和剩余资金，并拒绝退还。O夫妻疑利用3岁女儿诈捐并致其死亡:拒退剩余筹款收起全文d,2018年05月24日 17:04, 转发 54,评论 107,//weibo.com/1974808274/Gi95lcv2D
新浪爱问医生,【#王凤雅之死后续#：爷爷将剩余捐款全数交公 自称每天遭短信谩骂】5月25日，王凤雅的爷爷在记者和当地政府官员的陪同下，一同前往太康县民政局社会福利股，将剩余的1301元善款捐给慈善组织。王凤雅爷爷说，此前网络谣言宣告孙女死亡后，家庭每天遭不明短信轰炸谩骂，他们并没有不给孙女治病，面对谣言希望能得到法律帮助。L新京报我们视频的秒拍视频收起全文d,2018年05月26日 09:06, 转发 31,评论 231,//weibo.com/5076516542/GioOhyLQA
防务微观察,,2018年05月26日 16:32, 转发 68,评论 24,//weibo.com/2264713730/GirJl26ur
脊梁in上海印济良,【被亲生母亲用来诈捐，又被放弃的王凤雅小朋友去世了...】河南省太康县一2岁半女童被诊断出患有视网膜母细胞瘤，其母杨美芹在获得网友15万捐款后却未用来救治女儿，反而去北京高端民营医院为儿子治疗兔唇。5月4日，不到3岁的女童离开人世。目前，这家人对网友退还捐款的要求充耳不闻，拒绝退还。详细戳链接：O被亲生母亲用来诈捐，又被放弃的王凤雅小朋友去世了...收起全文d,2018年05月24日 18:16, 转发 17,评论 26,//weibo.com/1457478803/Gi9yk6Vdl
平平安安小富婆,话说还是科普圈比较蚂蚱呀，@游识猷造谣王凤雅事件，大家扭成一股气祸水都引给另一个同吃人血馒头的@作家陈岚，然后，游大专家在微博上发了个道歉，去吃三文鱼的馒头了～近几年逢热点必反转的新闻告诉大家，任何热点都不过是流量和生意。ps：不要相信微博科普，真的某领域的大拿忙着做研究是没时间上网刷微博的，控制话语权的科普者都是垃圾生意人。收起全文d,2018年05月27日 00:04, 转发 47,评论 55,//weibo.com/1882300744/GiuGNpGk6
南风窗,【“小凤雅事件”戳破世道人心】 “王凤雅事件”，它本来很简单：一个可怜的农村家庭，父亲有智力残疾，儿子有兔唇，女儿（王凤雅）有视网膜母细胞瘤。为了治疗女儿的病，母亲杨美芹在网络筹款。在一些网友的眼泪中，她筹了不到4万元，踏上了救女儿的寻医之路。但故事从来是由有话语权的人讲述的。在杨美芹的寻医之路上，突然出现了一些可疑的志愿者。他们不知道从哪里获得的权力，介入并干预了杨美芹一家对王凤雅的治疗选择。冲突由此而生。事件的进程和性质悄然改变。全文：O“小凤雅事件”戳破世道人心收起全文d,2018年06月06日 17:11, 转发 19,评论 ,
陈小兜律师,首先，我觉得作为法律博主应对网络传来证据采取审慎的态度，是否有直接证据证明王凤雅父母放弃治疗、将该爱心捐款挪作他用，同时，要明确王凤雅的死亡结果是其父母放弃治疗导致。其次，如果确实存在王凤雅父母放弃治疗导致王凤雅死亡的结果，我认为其父母可能涉嫌遗弃罪，即有抚养救治义务且具备相应的能力，却因为未履行或完全履行这种义务，导致死亡结果的发生。最后，如果王凤雅父母将网友的爱心捐款用于其弟弟的兔唇治疗是事实，不排除重男轻女思想的影响，还是要呼吁一下男女平等。O王凤雅案件，她的父母应该承担哪些责任?收起全文d,2018年05月24日 14:40, 转发 21,评论 108,//weibo.com/1907595471/Gi88zrs9B
中国经营报,【王凤雅事件中的水滴筹：以公益之名卖保险，监管成难题】5月4日，河南3岁女童王凤雅因视网膜母细胞瘤恶化，不治身亡。在她生命的最后一个月，关于其母亲杨美芹利用众筹平台诈捐、家庭重男轻女放弃治疗等传闻甚嚣尘上。而随着调查的深入，真相逐渐浮出水面：女童母亲并未挪用善款用于治疗儿子的唇腭裂，并捐出了剩余善款。曾对家属恶语相向的网友开始纷纷道歉，舆论又开始讨伐志愿者、自媒体及造谣者。O王凤雅事件中的水滴筹：以公益之名卖保险，监管成难题收起全文d,2018年06月05日 15:25, 转发 8,评论 10,//weibo.com/1650111241/GjXySF3r2
新民晚报新民网,,2018年05月28日 19:46, 转发 10,评论 14,//weibo.com//GiLR08U07
股海东方不败,看了许多王凤雅事件的报道，总结一下我的感受：1.凤雅早期患癌，家人害怕人财两空，所以不给孩子治；2.听到亲戚说可以去求捐款治疗，遂发动筹款，哪知收到的钱远远不够，所以依然消极治疗；3.志愿者一看，既然筹到款了为何不治？所以逼家属带孩子去治疗；4.家属被逼去北京寻医，到了一看，那么贵啊？而且医生不保证治疗得好，所以执意回家；5.回家后，癌症晚期了，去卫生所保守治疗（实际就是放弃治疗，等死）；6.孩子死了，志愿者不干了，开始夹杂着一些谣言攻击家属；7.家属，媒体帮澄清，有反转的迹象！整个过程中，有以下事实，-孩子没有得到及时正规的治疗，死了；-家庭确实穷，治不起；-捐款了三万多，但能提供收据的只有几千；-有人在此事中带节奏，吃人血馒头。收起全文d,2018年05月27日 15:26, 转发 10,评论 38,//weibo.com/5384479977/GiAJ00IIH
凯迪网络,【纸上建筑：王凤雅疑被弃疗而死？事件不能弃案而终】 “王凤雅去世事件”引发热议，此事触发了两大热点议题，一是涉及诈捐嫌疑，一是涉嫌重男轻女。风雅宝宝不明不白的死了，事件的调查也无疾而终，尤其令人心堵。有网友认为这种事不宜扩大报道，因会打击大家今后踊跃捐款的积极性，反正钱也不多，花了就花了，也不必再追究了。此等论调最为害人，恰恰是令民间慈善鱼龙混杂、信誉下滑的源头。善心不能被滥用，别说15万，一万五都不行。哪怕花费更多的人力物力，应该调查清楚背后的原委，给逝去的生命一个交代。O网页链接收起全文d,2018年05月25日 16:02, 转发 22,评论 43,//weibo.com/1744259092/Gii6jp2gu
呼唤鹏鹏,,2018年05月26日 12:39, 转发 52,评论 141,//weibo.com/6187204470/GiqcH9Gmo
午后的水妖,,2018年05月30日 09:29, 转发 2266,评论 1583,//weibo.com/1692919345/Gj0FilMT3
防务微观察,,2018年05月28日 11:13, 转发 21,评论 13,//weibo.com/2264713730/GiIuPmtbu
新浪公益,2016年9月施行的慈善法，网络公益募捐只能通过有资质的网络募捐平台来进行。个人可以通过网络为自己求助，但个人不能通过网络募集资金开展公益活动。在“小凤雅”事件中，经警方调查确认，王凤雅家属本次募集的善款主要通过水滴筹，获取善款额为35689元，另外通过网友微信红包、火山小视频直播打赏获取善款2949元，共计38638元。@水滴公益官微，在24日刚刚获得民政部的认证，成为网络公益募捐平台。O央视评论丨河南“小凤雅”事件真相出来了，谁该反思？收起全文d,2018年05月27日 10:22, 转发 27,评论 2,
独家网,【王凤雅母亲：不接受@作家陈岚道歉 】4月9日，网络大V@作家陈岚在微博向警方实名举报王凤雅疑被父母虐待致死。5月27日，陈岚发表微博长文阐述事件经过并道歉。王凤雅母亲杨美芹说，陈岚未向医院和家属证实，就发布孩子死亡信息，希望她正式道歉。王凤雅爷爷说，接下来将依法维权。@新京报我们视频L新京报我们视频的秒拍视频收起全文d,2018年05月28日 23:08, 转发 34,评论 20,//weibo.com/5126675170/GiNaKrvf8
河南日报,"【“王凤雅之死”事件最新进展：剩余善款已上交 警方：不存在诈捐】5月4日，河南太康县不满三岁的王凤雅因重病去世，此前王凤雅的母亲曾在水滴筹等平台筹集资金，为她治病。王凤雅去世后，有网友质疑其父母未将善款用于王凤雅治病，并要求他们公布筹集资金去向。5月25日，王凤雅60多岁的爷爷赶到太康县慈善总会，将剩余的1000多元善款，转捐了出去。太康县公安局经调查确认，王凤雅父母不存在诈捐行为。O""太康女童王凤雅之死""引质疑，剩余善款已上交！警方：不存在诈捐收起全文d",2018年05月25日 21:43, 转发 11,评论 29,//weibo.com/3288875501/Gikl67Hm8
凤凰网大风号,【#大风号自媒体#@冰川思想库：女童王凤雅之死：“爱心人士”一次主题先行的表演？】去年9月，河南省太康县2岁半的小朋友王凤雅被查出视网膜母细胞瘤，其父母利用多个网络众筹平台为她募捐，5月4日，3岁的王凤雅小朋友不幸去世。网上流传甚广的一种说法是，小凤雅的父母通过众筹平台募捐到至少15万元，但是最终，这些钱却没有用来治疗小凤雅，导致她的死亡；小凤雅还有一个患唇腭裂的哥哥，由于重男轻女思想作祟，钱都用来治疗病情并不严重的哥哥了。网上的争议延伸到现实中。“爱心人士”报警，寻找小凤雅的父母。而上海的一个公益组织，则赶到河南农村，对小凤雅的母亲杨美芹进行“监督”、骚扰，双方甚至在医院中发生冲突。到昨晚，在当地警方、媒体等相关机构的介入下，事件过程却又反转了.....O女童王凤雅之死：“爱心人士”一次主题先行的表演？收起全文d,2018年05月25日 13:50, 转发 12,评论 27,//weibo.com/1644307977/GiheJt4Xb
网易新闻客户端,【小凤雅之死：下葬前被扒寿衣拍照 以证实家属未虐童】王凤雅事件引发关注。在她生命的最后时刻，志愿者与家属发生多起冲突，各种消息迅速发酵，陈岚更称“王凤雅疑似被亲生父母虐待致死”，并声称家属骗捐、重男轻女。凤雅下葬前，公安人员将孩子穿好的寿衣扒下来，正面、反面对身体拍照，证实家属不存在虐童行为。O小凤雅之死:下葬前被扒寿衣拍照 以证实家属未虐童收起全文d,2018年05月31日 14:23, 转发 43,评论 120,//weibo.com/1974808274/Gjc1oBHg4
mandarinpassion,,2018年05月31日 03:06, 转发 15,评论 111,//weibo.com/2355826014/Gj7Az2BAZ
检察日报,,2018年05月27日 20:29, 转发 14,评论 10,//weibo.com/3183107112/GiCHKnQYc
检察日报,"【“小凤雅”事件真相来了！""天地良心""，该谁反思？】近日，王凤雅小朋友之死成为了舆论焦点。如今真相水落石出：王辉、杨美琴夫妇不存在诈捐，并且筹到的善款也全都用在了女儿的治疗上。一些网络事件，往往都是“结论先行”，人们根据一些信息的片段就得出结论，然后“义愤填膺”地进行口诛笔伐。这一方面固然需要有关机构和个人及时澄清，以正视听；但另一方面也要求广大网民擦亮双眼，在加入“讨伐”的队伍之前，先让理性“多跑一会儿”，追一追事实，等一等证据。（via.方圆）O“小凤雅”事件真相来了！""天地良心""，该谁反思？收起全文d",2018年05月28日 14:15, 转发 16,评论 4,
千钧客,【微评：远离极端“公益人”】网上活跃一些打“公益”旗号的“伪善者”，从天津无肛女婴“救助”事件，到河南癌症女孩王凤雅事件，她们吃尽了人血馒头，连嘴上的血都不擦。她们参与就是为了“喝血“：病治好了全是她们功劳，治不好都是家长和国家“害死”的。这些极端“公益人”是毒瘤，损害了整个公益。#千钧微评#收起全文d,2018年05月26日 19:37, 转发 27,评论 21,//weibo.com/5028892209/GisWjqF1g
罗淼_吐槽用,今天凌晨再次被小区的鸡叫吵醒，整个人处在极度愤怒的状态中工作了一天。一边思考着我们小区何时有了这种家禽养殖场的属性，一边看到了两则新闻。一则比较火，是关于王凤雅小朋友的最终丧命；一则比较偏门，关于一个宝马车主，在被三轮车撞了后，主动把赔偿金额从15000降到4000，却仍然被对方以“你那么有钱为什么一定让我赔”赖账，一怒之下将对方告上法庭，她表示“我可以不要钱，但我不能被道德绑架”。在我充斥着鸡叫的脑袋里有一种隐隐的感受，这两个案件中的恶人都有着某种共通点，他们的行为仿佛是那么不可理喻，就算不是纯粹的恶毒也是纯粹的无耻，以至于我们都非常自然的想要取他们的狗头而后快。一个潜在的理由是，人怎么可以这么做，我就一定不会为了十几万/4000块这么做。但是，你我不会为了十几万/4000块这么做的原因，很可能不是我们在本质上比他们高尚多少，而是同等的数量对你我的诱惑等级不同。4000块对你我也许不算什么，但假如是四万呢？或者四十万呢？估计更多人会开始思考如何赖掉这比钱，只是心里给自己的说辞会换一个，变成“规避”或者“力争”。所以，我很少轻易获得道德上的优越感，因为处境不同，你不知道对方到底在经历什么程度的考验，在你看来轻易可以做的善良选择，在对方可能是圣人般的要求。以为我在为这些恶人“洗地”？不是，我是在说，惩罚他们的理由，不该是“人怎么会这么做”“我就不会这么做”，而是“人太容易这么做了”“我也可能会变这样”，所以一定不能姑息，一定要设下红线。就像小时候第一次欺骗、偷盗一定会被严惩一样，本质的贪婪和对自己的松散如果不被强设的外在约束牢牢桎梏，鬼知道我们会变成什么样。惩罚的存在，不是，或不光是要防止他们伤害人，更重要的，是要保护我们自己不要变成那样。比如如果城管没有在今天下午登门监督那家人宰了那只鸡，鬼知道我会干什么。收起全文d,2018年05月24日 19:23, 转发 11,评论 4,
二逼瓦西里,,2018年05月28日 13:23, 转发 46,评论 54,//weibo.com/1039916297/GiJljiwJV
橙雨伞微博,【#王凤雅去世事件# 进展：家属拒绝透露筹款金额和剩余资金】5月4日，河南省太康县不满三岁的王凤雅因重病去世，此前王凤雅的母亲曾在水滴筹等多个平台筹集资金，为她治病。此后，有网友质疑王凤雅去世后，所筹资金并未全部用完，并要求他们公布筹集资金去向。北青报记者从太康县公安局了解到，经调查，此事不构成刑事案件，目前包括太康县和张集乡在内的相关工作人员都在做家属的思想工作，建议王凤雅家人将除去治疗后的筹款资金退还给相关部门。但目前家属并未透露筹款金额和剩余资金，并拒绝退还。（北京青年报）L北京青年报的秒拍视频收起全文d,2018年05月24日 17:30, 转发 9,评论 14,//weibo.com/5939213490/Gi9fwDF7s
新京报评论,"《《小凤雅之死：这家人承受不了那么多主题先行的道德指控 | 沸腾》昨日，因为一篇《王凤雅小朋友之死》在网络的流传，河南省太康县一患视网膜母细胞瘤女童离开人世的消息引发广泛关注。今天，随着各路机构媒体、自媒以及围观网友的持续跟进，事情持续发酵。总结网络上的各种争论，核心大概是：女童王凤雅家人有没有将筹来的善款，用来给儿子治疗兔唇？王凤雅去世后，并未用完的善款去了哪里？通过这次事件，我们希望下一次再发生类似慈善纠纷时，我们可以看到,底层被救助者的声音能够被更广泛地倾听，而他们不只是蜷缩在一隅，被“误解”，被“指控”，却默不作声。O《小凤雅之死：这家人承受不了那么多主题先行的道德指控 | 沸腾》收起全文d",2018年05月25日 16:45, 转发 11,评论 14,
ZAKER,,2018年05月25日 15:40, 转发 44,评论 44,//weibo.com/1898495494/GihXs4hSK
晏凌羊,"王凤雅的事情，我不好做评论，因为不管说啥都可能会入坑。闹到现在，几方各执一词，我真是没精力分清楚谁是谁非。倒是@作家陈岚决定不再救助任何具体的个体，改为舆论监督员，让我挺感慨的。我自己也搞了一个非常小型的助学活动。十一年，我们捐助了五十来个孩子，每一笔款项的来源、去向真实可查、公开透明。为什么？因为规模小、人际关系简单，好操作。为什么不愿意扩大影响？因为怕给自己惹来麻烦。在中国，你知道的，想做点好事不容易，因为只要你做事，都会被不做事的人认为你是想得到好处，都会被他们指手画脚。如果你做的事情出了点小岔子，那你整个人的人品都会被质疑。不做事的人，总是站在道德高地拿着放大镜寻找做事的人的瑕疵，努力想找出你的人品缺陷，他们的心态无非就是这样：你看，你想做好人是吧？我就要找出证据，证明你根本不是个好人。我并不高尚，事实上我是一个特别自私的人，每年捐给助学活动的钱也没多少，对这个活动最大的贡献不过就是“坚持”和“组织”。我有自己的事业要忙，有自己的家庭需要照顾，人到中年更是忙得不可开交，所以我根本不愿意花更多的时间、精力在这个草根公益活动上。至此，这个活动一直很“草根”很“袖珍”，每年捐助不超过六个孩子，留存在基金池里的善款不超过三万元。整个活动仅限生活中跟我很熟、对我很信任的朋友参与，陌生人捐出的善款一律不收。陌生人介绍的受助者，也一个都不捐助，因为我们花不起核实真伪的成本。我们只能尽最大的努力，让每一分钱用到合适的人身上，尽量杜绝被欺骗。你看，我是个多么自私的人，我都根本不愿意投入太多的精力去做这件事，也没有力量去承受跟我不熟、对我不信任的人对我的非议和质疑。我觉得，那些把一个公益活动做大，最后陷入风波的人，往往是因为公益基金池里的钱太多了，以数千万、数亿元计。讲真，如果我面临的是这么大笔的钱，真不知道要怎么管理，也难保自己不会动心。那些打包票说自己很高尚，绝对不会动心的人，绝对有问题。一个人成不了贪污犯、出轨者的前提，是远离所有可能会贪污到钱、出轨的机会，而不是相信自己在面临巨大的诱惑时能拒绝。那，咱就小小的做这个活动好了，能帮助一个是一个，多的也帮助不起。基金池里常年最多只有两万多余额，我也犯不着为这两万块丢掉节操。即使哪天真有个什么问题，我也赔得起。不愿做大，不愿任何非熟人参与，还有一个原因：为了规避《慈善法》，确保我们的活动不被定性为违法而被取缔。这个小小的公益活动，我也只愿对认识我的那几十个熟人负责，真要是有啥争议和质疑，熟人之间也好解释。要是让更多的人参与进来，如若哪天有个什么疏忽，那我跳进黄河也洗不清了。我只是想跟网友们说这样一句名言：“见他之善，论迹不论心；见己之善,论心不论迹。”自己身体力行去做点什么，比光在键盘上指点、批评别人更有价值（指点也有价值，我说的是“更”，杠精别杠）。与你共勉。收起全文d",2018年06月08日 16:46, 转发 42,评论 19,//weibo.com/1476817753/GkqnjmlDM
四川手机报,【“王凤雅去世”事件进展：父母被指拿着捐款治疗儿子兔唇放弃女儿】近日，一篇名为“王凤雅小朋友之死”的文章在网上热传，文中称河南太康县一2岁半女童被诊断出患有视网膜母细胞瘤，其母杨美芹在获得15万捐款后却未救治眼球已脱出眼眶的女儿，反而去北京高端民营医院为儿子治疗兔唇。5月4日，不到3岁的女童离开人世。目前家属并未透露筹款金额和剩余资金，并拒绝退还。via看看新闻KNEWS收起全文d,2018年05月24日 17:51, 转发 10,评论 15,//weibo.com/1700582867/Gi9oiDkMA
北京生活热门资讯,【王凤雅家属回应不给治病质疑 志愿者称没想到一口答应去北京看病】针对于志愿者马婵娟称“凤雅家属就没想过救治凤雅”的说法，凤雅的爷爷称，他们带孩子跟着志愿者奔波到北京，去了北京儿童医院。“眼科医生说孩子奄奄一息，做手术没有意义，做化疗更不可能。我说再也不要折腾了，先保住孩子命要紧。志愿者就不让走，说走就报警…”他和儿媳妇都觉得，去北京看病本身就是骗局，“好像所有人都关心我的孙女，但我唯一想感谢的是乡卫生院的医生，要不是他们，孩子早不在了。L腾讯新闻的秒拍视频收起全文d,2018年05月26日 12:14, 转发 522,评论 718,//weibo.com/2711896813/Giq2m1jQH
法制网,#法制微评#【脆弱的慈善经不起毫无缘由的猜疑】自媒体文章《王凤雅小朋友之死》成为了舆论焦点。有些网民甚至是大V，习惯质疑却懒于调查，甚至懒于求证，仅凭一些零零散散的片面“事实”就得出“诈捐”结论。这些网民本身可能并未参与募捐，但却“热心”地参与到监督者行列。虽然说，已经有大V发出道歉声明，但受害者依然有权追究相关造谣者的民事责任。而且，造谣生事，恶意污蔑他人，情节严重的，还可能构成犯罪。相关爱心人士和网民还是应多些法律意识和求真精神，不要随意站在道德制高点上碾压弱者。（法制网特约评论员　史洪举）收起全文d,2018年05月28日 17:33, 转发 11,评论 6,
杭州日报,【王凤雅家长首次公开募款花费明细，警方回应：不存在诈捐行为】女童王凤雅不幸离世事件持续发酵，面对质疑，5月25日，其家长首次对外详细说明了网络募捐款项的使用情况，其中：水滴筹捐款和网上捐款共38638元，共花费37337元，剩余1301元已交给太康县慈善会。警方回应称，不存在诈捐行为。L梨视频的秒拍视频收起全文d,2018年05月26日 13:00, 转发 27,评论 178,//weibo.com/1644358851/GiqkVsbCt
陈猿猿李狮狮,所以真不要奇怪为什么王凤雅最后只筹到了3万元善款？他们给的治疗票据没法通过水滴筹的审核啥啥的都是另外一说我们就假设王凤雅第一次筹款真的全部都是亲戚朋友给的？那么什么亲戚朋友在看到你自己都给儿子买车之后还会继续给你孙女的病情筹钱呢？我不去爆了你家的车胎都算我有涵养了................收起全文d,2018年05月30日 12:55, 转发 76,评论 50,//weibo.com/1851455942/Gj20S8qUc
史老柒,,2018年05月26日 09:15, 转发 14,评论 18,//weibo.com/1850017837/GioRN8UJQ
午后的水妖,,2018年05月29日 17:38, 转发 999,评论 465,//weibo.com/1692919345/GiUrB91W3
网易新闻客户端,【王凤雅爷爷：志愿者总是拍照 称哭得越厉害捐钱越多】3岁女童王凤雅因视网膜母细胞瘤离世。有文章指责其母利用女儿患病募集善款15万元，却未将善款用于女儿治疗，王凤雅家人遭声讨，家属、志愿者陷入互相指责的“罗生门”。王凤雅爷爷称，对志愿者失去信任，他们总给孩子拍照，还和孩子妈妈说“哭得越厉害，捐钱越多”。O网页链接收起全文d,2018年05月29日 10:04, 转发 15,评论 53,//weibo.com/1974808274/GiRt56EFz
午后的水妖,这两天妖风四起，众媒纷纷为王凤雅监护人洗刷刷，哎呦好可怜啊贫穷啊阶级压迫啊善良的无知啊你们女权真傲慢真嚣张真不近人情何不食肉糜啊。但这整个故事的每一步都建立在对女性的压迫和剥削上。从头到尾都是女人流血流泪加丧命。带诺拿挥惺艿饺魏斡跋欤也不付任何代价。继续洗啊，洗干净了，又可以继续吃女命了。收起全文d,2018年05月28日 14:46, 转发 42,评论 30,//weibo.com/1692919345/GiJTci2O9
周口之窗,【请不要站在道德的制高点去指责别人，更不要把蹭热点建立在别人的痛苦之上】娱乐大号过度消费周口王凤雅事件是对死者最大的不敬，一群公知大V公开围猎一个毫无反击力量的农村妇女，站在道德的制高点去指责别人，这本身就是问题，我想请问@作家陈岚你有孩子吗？如果你的孩子死了你是什么感受？如果你的孩子死了，你的家人是什么感受？如果你的孩子死了，被别人指指点点你和你的家人又是什么感受？过度消费王凤雅事件的公知大V们，请停止你们对一个手无缚鸡之力的农村妇女和他的整个家庭的伤害，没有一点怜悯之心，这是祸国殃民之举，请不要站在道德的制高点去指责别人，你我都不是圣人，人无完人，都有自己的缺陷，但是我们要做的是引人为善，方为善上善。导人从贤，实乃贤上贤。蹭热点建立在他人的痛苦之上，请问于心何忍！逝者已逝，希望王凤雅小朋友在天堂没有痛苦，也希望天堂没有公知大V的指指点点！O最近“周口太康王凤雅”事件被网友炒得沸沸扬扬。您对此事有何看法？收起全文d,2018年05月26日 10:21, 转发 38,评论 251,//weibo.com/1612149640/Gipix8xpY
根正苗红的贫农,,2018年05月30日 00:20, 转发 50,评论 52,//weibo.com/5449687795/GiX4rbl80
想睡觉的算,,2018年05月24日 13:48, 转发 43,评论 18,//weibo.com/1433512494/Gi7NtjfGR
妇女-台风,发布了头条文章：《吕频猪西西郑楚然关于王凤雅事件的分享文字记录》5月30日晚上，@吕频@猪西西爱吃鱼@大兔纸啦啦啦三位女权主义者，就王凤雅小朋友之死事件，分享了她们的观点。大家还讨论了作为女权主义者，在公共事件讨论（或介入）中怎样看待性别和阶级的问题，怎样在众说纷纭的信息中保持自己的立场，但是又能反思自己，和伙伴们一起求真知，增加女权主义的共享知识。O吕频猪西西郑楚然关于王凤雅事件的分享文字记录收起全文d,2018年05月31日 17:22, 转发 36,评论 2,
罗妮zyzyyuan,,2018年05月31日 17:03, 转发 57,评论 66,//weibo.com/1167257004/Gjd45AasQ
海疆在线,【王凤雅家长首次公开募款花费明细，警方回应：不存在诈捐行为】女童王凤雅不幸离世事件持续发酵，面对质疑，5月25日，其家长首次对外详细说明了网络募捐款项的使用情况，其中：水滴筹捐款和网上捐款共38638元，共花费37337元，剩余1301元已交给太康县慈善会。警方回应称，不存在诈捐行为。L梨视频的秒拍视频收起全文d,2018年05月26日 14:00, 转发 9,评论 2,
独家网,【王凤雅母亲回忆赴京看病经过：志愿者摆拍 劝我用哭博取同情】5月4日，不到3岁的女童王凤雅患视网膜母细胞瘤去世，其母杨美芹曾通过水滴筹募集治疗费用。随后，志愿者举报杨美芹利用女儿病情募款后，“拿女儿的救命钱给儿子治病”。杨美芹说，到北京后发现，志愿者并未事先安排好医院，遭到多家医院拒收后，她带女儿返回老家，此后女儿病情恶化。她说，志愿者在帮助过程中存在摆拍，拍完照片后很少过问孩子病情。（新京报）L新京报我们视频的秒拍视频收起全文d,2018年05月28日 09:50, 转发 14,评论 7,
我想要当暴发户,王凤雅事件证明了一个事实：在香火至上的农村，作为一个二等女奴，当你还没到绝症，只是有可能残疾时，比起愿意为你捐款康复的路人，你的家人更希望你快点死了，别因为一个眼瞎的四孙女，耽误小儿子小孙子的婚姻大事！毕竟多余的累赘孙女比不会下蛋的母鸡还要让家里觉得烦躁！所以捐款可以拿去给小孙子去五趟北京治兔唇，可以拿十几万买大轿车，却容不得有肿瘤的小凤雅靠着别人的爱心治疗活下去！一遍一遍地把凤雅妈妈扫射，她作为一个被公公拿来给智障儿子配种的工具无法左右女儿的生命，这个悲剧的家庭，用母女们的痛苦吸食利益，抱养智障也要继承香火的爷爷，法律上不能结婚不能生育后代的智障爸爸，19岁就为了车让亲人去死的叔叔，还有用凤雅善款去北京治兔唇吹空调的弟弟，从凤雅母女姑姑身上牟利狂欢的男性在全国人的声讨中隐形了，这家人中吃人血馒头的男人最无耻也最恶毒，凤雅妈妈的悲剧延续到她的女儿身上，他日她也会成为刽子手为了儿子吸食三个悲惨的女儿，出生在这种家庭，凤雅早早离去，另一种角度，也许真是幸福！收起全文d,2018年05月31日 00:34, 转发 9,评论 11,//weibo.com/2181993244/Gj6ACg4HX
禅理禅趣,,2018年05月30日 11:40, 转发 9,评论 12,//weibo.com/2262741105/Gj1wC3Jer
药师小熊,王凤雅之死，整个事件最大的社会意义在于：自此之后，农村甚至包括城市的多子女家庭中，放弃患病女孩的治疗将成为一种常规选择，虽然在这之前也存在但接下来将更普遍，更为社会舆论所接受和漠视，被放弃或“保守”治疗的疾病范围也会逐步扩大。一个微妙但深刻的转变正随着计划生育政策的全面放松而悄然发生。在决定患病未成年人尤其是女孩命运的因素中，钱因素，医疗因素将会后移，某个因素的权重将越来越大。有生之年，我们将有机会再次品味历史的“家常味”，几千年的味道将强势回归，卷土重来。我们仅有的那些珍视婴幼儿生命，保障儿童权利的观念和常识，也不过是特殊政策强制作用下的一段小插曲，一层薄面纱，终究捱不过郭巨埋儿和溺死女婴的坟坑中冒出的缕缕青烟。收起全文d,2018年05月28日 18:12, 转发 20,评论 11,//weibo.com/1273057790/GiLeWkc07
仗剑天涯新垣平,,2018年05月28日 16:44, 转发 13,评论 4,
谢泼德,,2018年05月30日 23:45, 转发 9,评论 17,//weibo.com/1731384611/Gj6gRpeqz
陕西检察,#时事新闻速递#【被指诈捐河南重病幼女家属：不接受道歉 坚持起诉】28日，广受关注的“王凤雅事件”继续发酵，王凤雅的母亲和奶奶均向媒体表示，他们不接受@作家陈岚的道歉，坚持将起诉陈岚、志愿者马婵娟等相关人士。4月8日，@小希望之树和@作家陈岚发微博质疑女童王凤雅的家长，认为他们募捐了钱却消极治疗，还疑似把善款挪用来给王凤雅弟弟治唇裂，涉嫌诈捐。但经调查，警方表示不存在诈捐。@正义网O网页链接收起全文d,2018年05月29日 10:24, 转发 9,评论 ,
检察日报,,2018年05月25日 15:18, 转发 12,评论 3,
磬书书,总结了下1.视频中王凤雅贫穷的没有钱为女儿治病的母亲用的iPhone2.王凤雅的母亲荣光焕发完全不像刚死了女儿的人3.爷爷六个女儿抱养了一个王凤雅的爸爸4.王凤雅家有四个姐姐一个弟弟5.乡镇医院可以全额报销的医疗费用被算在了消费善款的账单之内6.奶粉1w+以及一千二百块的买玩具的钱算在了消费善款之内7.没有钱治病的一家人现在要拿钱打官司索求精神赔偿收起全文d,2018年05月29日 01:02, 转发 93,评论 68,//weibo.com/3168910481/GiNV2fYwA
挣脱枷锁的囚徒,中国青年报的《双输的爱》，虽然仍以王凤雅妈妈和爷爷的“独白”为主，但毕竟对王凤雅获得诊断后被“弃疗”的一些事实做了一定“挖掘”。与@丁香医生的那篇高度蒙太奇的洗地“报道”，和@局面的煽情采访相比，中青报的报道已经很客观。但是，最能客观和具有法律证据性的反应王凤雅病情的医疗文件，包括太康县医院和郑大附院就诊的门诊病例，相关的检查报告，郑大附院的会诊记录，王家人仍不愿意示人。另外，最关键的，对郑大接诊和会诊医生的采访仍是蜻蜓点水式的。这个事件，从开始就可以清楚看出，王家人弃疗和骗捐的事实清楚，不存在反转的问题。当然，从始至终我一直觉得，王家人的弃疗没有什么可指责，因为这个病真的不是他们能承担得起的。双输的爱O双输的爱收起全文d,2018年06月01日 18:00, 转发 33,评论 10,
爆裂橘,,2018年05月31日 22:06, 转发 21,评论 41,//weibo.com/2863362684/Gjf3fpWei
红娘丁当的小号,为什么没有人去采访轻松筹？没有人去了解、促进捐助机制向更有效、更规范、更透明的方向发展？轻松筹是否可以改变捐助钱款的发放机制，而不是将钱一股脑按照现金发放给求助者？不然的话，以后还会有无数个罗一笑、王凤雅，无数个陈岚。当然，机构作起恶来，会更恶，比如说红十字会的郭美美。比如说地方官员贪污税收，挪用公款。但是，至少不用将每一个求助者、受害人架在火上烤吧。公众有本事揪着每一个可怜的家庭穷追猛打，就是没有能力揪着一个机构、一个制度追问再三。收起全文d,2018年05月30日 14:03, 转发 13,评论 20,//weibo.com/5873150634/Gj2sQmQP4
麦可西穆师,,2018年05月24日 17:09, 转发 58,评论 363,//weibo.com/1105243673/Gi97l1Cvy
滨海时报,,2018年05月28日 20:05, 转发 35,评论 30,//weibo.com/2841671163/GiLYquB0Q
敏敏在小森林,王凤雅的事我一直觉得很难出来明确指责谁。今年春节我同事的老公的亲姐姐家3岁的孩子查出来白血病，北京儿研所的医生说马上治疗存活率很高，预估费用15万，但不能保证未来不复发。于是来自保定家庭年收入小几万块的这对夫妻发起了水滴筹款。我看见后捐了几千块钱同时转发到了我的朋友圈，我的朋友也纷纷捐钱。十天后我问同事孩子情况如何，准备继续捐钱并发这个水滴筹到微博好给予更大帮助。我同事告诉我不用了，孩子的父母提出了已筹到的四万元钱，办理出院把孩子带回老家了。我刚一听也十分生气，这不是骗大家的钱吗？更生气的是怎么有为人父母的这么狠心！那是自己孩子可以挽救的生命啊！等同事春节假期回来我当面询问情况，她说：孩子父母觉得筹款不够剩下的治疗要卖房借钱才有可能凑齐，孩子治疗的过程也会非常痛苦；万一孩子治不好人财两空，会让整个家庭都陷入难以翻身的局面；而且即使治好，未来病情再复发孩子的日子还是痛苦；夫妻俩还年轻还可以再生一个孩子。于是他们就拿着捐款会家乡给孩子姑息治疗，让孩子在剩下的日子里尽量好受一点。对以上的逻辑，我找不到可以去攻击的点。我们没生在这样的家庭，真的很难去体会其中艰难。只能希望我们日益增长的物质精神水平可以给贫困的家庭更多机会。在此之前，物质不够丰富的家庭最好能给孩子买个大病险，给孩子一个活命的机会。O王凤雅之死：农村家庭残酷物语收起全文d,2018年05月28日 10:21, 转发 65,评论 58,//weibo.com/1800794691/GiI9ByRLI
午后的水妖,,2018年05月30日 08:41, 转发 427,评论 218,//weibo.com/1692919345/Gj0m67L3h
徐蕴芸,官媒都开始站王凤雅妈妈了、说王凤雅是晚期了所以不救了保守治疗是合理的？问题是王凤雅当时确诊了吗？分期了吗？没有哎，一听是绝症要2万块就放弃唉，是，没钱是事实，但是筹到3万块还是没去住院确诊啊。你筹钱的时候说要治病的啊，没说打算乡里输液买奶粉办后事啊，如果不是住院住到3万块花光那都是诈捐啊。家里还有个弟弟的第四个女儿得到这样的“爱”还真是一点儿都不奇怪呢。爷爷觉得好委屈也都可以理解了。可以理解但无法原谅。也许真的只有国家再富有一点，才能让王凤雅不会成为“精神有问题的爸爸的第四个女儿、穷得得了病连确诊的钱都没有更谈不上临终关怀缓解痛楚的儿童肿瘤病人。”收起全文d,2018年05月26日 15:34, 转发 64,评论 261,//weibo.com/1496959004/GirlwtzwP
一点资讯,,2018年05月24日 16:26, 转发 9,评论 45,//weibo.com/3515267842/Gi8PSydiD
陈猿猿李狮狮,,2018年06月01日 14:33, 转发 17,评论 15,//weibo.com/1851455942/Gjlw2v60A
木沉香20051005,之所以关注王凤雅事件是因为自己一个月才2000多得工资，省吃俭用只要有时间上网看到了都捐了，我不希望看到自己捐款被别人用在其他用途，结果很多人来怼，捐了吗？最讨厌这样的人了，这种事是社会责任，关注有错，发表自己的看法有错，还被戴造谣这么大一帽子，还被骂收起全文d,2018年05月27日 20:31, 转发 10,评论 36,//weibo.com/6198570586/GiCIRxw4U
腾讯新闻出品,【王志安手记｜“孩子多活了20天，就是为了证明我们的清白”】王凤雅爷爷很瘦，他过去当过老师，有文化，各种细节记得清清楚楚，讲到情绪激烈处，他的身子都在发抖。最后他说，孩子多活了20天，就是为了证明我们的清白，她做到了。说到这，孩子爷爷眼泪纵横。好几次我也差一点掉泪，年纪大了，越来越见不得戳心的苦难。#小凤雅事件#@局面@王志安O王局手记｜“我的孩子多活了20天，就是为了证明我们的清白”收起全文d,2018年05月31日 10:20, 转发 8,评论 7,
纠结女王亦超,其实想想满讽刺的，16年罗一笑事件和今天王凤雅事件本质上没有差别，甚至王凤雅事件更恶劣（罗尔在罗一笑生病之初的2个多月是自行承担的，罗一笑始终在深圳儿童医院治疗；王凤雅刚刚确诊，连会诊都不做，就被她妈众筹了，一直在村诊所和卫生院挂水）。在网上的结果是罗尔被骂到臭头，王凤雅的家在不断收获同情。当然，这不算什么讽刺，真正讽刺的是媒体人罗尔从朋友圈文章出发，众筹到260万，而连如此恶劣行径都能用贫穷和无知，何不食肉糜洗白的底层家庭居然只筹到3万块，而且据说当初罗尔被全爆以后的文章还收获了5万的打赏，王凤雅的家庭到现在不知道有没有收到额外的捐款。名利双收是不可能的，捐钱（好像是捐给自己的基金会，呵呵）捐遗体不可能洗白名誉，有贫穷和无敌加恃的名誉收获不到金钱。两件事摆一起看，收获大概是有钱有文化的人吃相好看一点，吃相好看一点的人好像能多吃一点，呵呵哒。。。。。收起全文d,2018年05月29日 14:35, 转发 43,评论 13,//weibo.com/1030018357/GiTfkqabl
罗妮zyzyyuan,,2018年05月31日 22:47, 转发 13,评论 48,//weibo.com/1167257004/GjfjFFDIJ
爱心苗圃-致敬仙人掌,,2018年06月17日 13:24, 转发 48,评论 49,//weibo.com/2398396641/GlLTYB8YZ
eprom,,2018年05月29日 12:00, 转发 288,评论 72,//weibo.com/1245161127/GiSepjGOr
冰川思想库,,2018年05月25日 10:53, 转发 24,评论 35,//weibo.com/5890965060/Gig4WoEDc
新闻传播考研真题与真相,,2018年05月25日 17:32, 转发 43,评论 25,//weibo.com/3992864567/GiiH3lazd
刺萼龙逵152,,2018年05月27日 11:56, 转发 59,评论 174,//weibo.com/2408791330/GizlDqHJv
罗妮zyzyyuan,,2018年05月29日 20:03, 转发 18,评论 43,//weibo.com/1167257004/GiVoqCvOJ
追影寻综咖喱酱,,2018年05月24日 15:25, 转发 39,评论 39,//weibo.com/6487177310/Gi8qVE7DA
负能量银行,,2018年05月27日 02:19, 转发 31,评论 2,
微热点,,2018年06月02日 14:13, 转发 15,评论 11,//weibo.com/3960037780/GjuOhBqpB
翟医师,,2018年05月24日 20:30, 转发 90,评论 134,//weibo.com/1743400230/GiaqJo4qr
美映椒房,,2018年05月26日 18:24, 转发 11,评论 99,//weibo.com/6274189607/GissE1Ft6
东方头条,,2018年05月24日 15:05, 转发 10,评论 9,
上海反邪教,【#王凤雅之死后续#：爷爷将剩余捐款全数交公 自称每天遭短信谩骂】5月25日，王凤雅的爷爷在记者和当地政府官员的陪同下，一同前往太康县民政局社会福利股，将剩余的1301元善款捐给慈善组织。王凤雅爷爷说，此前网络谣言宣告孙女死亡后，家庭每天遭不明短信轰炸谩骂，他们并没有不给孙女治病，面对谣言希望能得到法律帮助。L新京报我们视频的秒拍视频@新京报我们视频收起全文d,2018年05月26日 09:45, 转发 10,评论 4,
争议话题社,,2018年05月25日 14:20, 转发 10,评论 15,//weibo.com/6179910572/GihrdlvZ7
NJU核真录,,2018年06月08日 11:31, 转发 64,评论 21,//weibo.com/6440147704/Gkojgniog
福建日报,#屏山微评#【别让情绪裹挟真相】王凤雅小朋友不幸去世，引发了网友对其家人铺天盖地的声讨。之所以如此，是因为自媒体依靠推测和想象，将王凤雅的家人塑造成了诈捐和重男轻女的形象。这也给他们带来了无尽的压力。这几天，随着传统媒体的介入，更多的细节浮出水面，事件又呈反转之势。比如，王凤雅父母网络获捐数额是3.5万元，而非网络宣称的15万元；王凤雅弟弟治疗兔唇花费并非挪用捐款，而是来自于嫣然天使基金。“王凤雅事件”其实并非孤例，近些年来，随着自媒体的普及和网络发达，网络热点事件越来越多，反转、被反转、再反转的套路也越来越常见，对于网民而言，这可能只是一起普通的事件，但对于当事人来说，他们受到的伤害却是实实在在的。面对层出不穷的网络事件，不被情绪所裹挟，多一份求真务实的心态，让无辜者不受池鱼之殃，让恶行受到惩罚，才是我们应有的媒介素养。（记者 黄云峰）收起全文d,2018年05月26日 12:38, 转发 13,评论 4,
麦雨香衣,有一句话叫做：穷生奸计，富长良心。穷，因为资源与见识的短缺，是最禁不得人性的考验的。一点点小利益就会看的比天大，让起码的人性都丧失。而且，穷是最擅长斤斤计较，所有的思维都在考虑怎样才能得到一点点活命的资源，怎样才能活下去。所以道德啊，人性啊，良心啊，这些都是奢侈品。当一点钱跟女儿的命摆在一起时，选择金钱，让女儿活活被病痛折磨致死也就不奇怪了。穷真的不是光荣，是一件很可耻的事，它可耻到能泯灭人性。有感于#本不该死的王凤雅#被病痛折磨致死收起全文d,2018年05月24日 18:27, 转发 52,评论 13,//weibo.com/2590306201/Gi9CXjuJX
周健野谈,,2018年06月01日 14:51, 转发 10,评论 41,//weibo.com/1390470392/GjlD2m2R2
驼羔与瞪羚,凤雅爷爷曾经长年是凤雅妈妈杨美芹杂耍班子的班主。凤雅爷爷生六个女儿之后抱养了凤雅的爸爸，凤雅爸爸精神有问题（或智障）。杨美芹称在相亲时没有发现凤雅爸爸的问题，结婚以后才发现，之后杨美芹没有离婚而是给明显不正常的丈夫生了五个孩子。凤雅奶奶带着凤雅爸爸长期在工地打工。凤雅爷爷在接受采访时称杨美芹为“媳妇”，凤雅为“女儿”。#王凤雅事件#收起全文d,2018年05月31日 17:38, 转发 10,评论 49,//weibo.com/1988735554/Gjdig9pM0
上海反邪教,,2018年05月28日 10:13, 转发 9,评论 6,
押沙龙,,2018年05月30日 17:08, 转发 65,评论 73,//weibo.com/1446847653/Gj3FznLgG
eprom,王局误导读者的能力真不是盖的。王凤雅这件事的问题并不是没有得到最好的治疗，而是没有得到最低可接受程度的治疗。导致公众愤怒的点并不在于他家没有将她送到北京去治疗，而是以她的病情募捐后没有给予她最低程度可接受的治疗。以治愈或者部分治愈为目标的治疗是治疗的上限，当经济承受力不足以支撑时选择放弃是无可厚非的。而用于缓解临终痛苦的治疗是治疗的下限，他家即使自己一分钱也不愿意出，至少也应该将捐款用于这个目标，至少应该采取一些用于缓解临终前剧烈癌痛的措施。在得到三万多捐款的前提下将拖延王凤雅的治疗，直到临终也仅将她送到只能挂挂盐水村镇卫生所，且账单上费用为100%报销。根据水滴筹的发布条款，所筹集的费用不得用于治疗之外的任何其他事项。奶粉尿布以及家人的费用显然不属此列。这个事件的实质是家属挪用了捐款用于了治疗以外的事项，同时没有给予王凤雅本已可以由捐款承担的临终关怀治疗措施。没人规定你必须把孩子送去北京治疗，你可以把自己家的钱拿去买车而不给孙女治病，但是你不能拿了三万多的捐款，到王凤雅临终连一支镇痛剂都不给。王局的话术是在利用治疗定义上的宽泛跨度，将捐款人要求的最低限度治疗偷换成了最高程度，以制造虚假的合理性，功力还是很高的，一般人还真没这个脸皮这么干。收起全文d,2018年06月11日 12:55, 转发 125,评论 109,//weibo.com/1245161127/GkR8VmlEw
挣脱枷锁的囚徒,,2018年06月04日 16:30, 转发 9,评论 4,
禅风网微博,,2018年05月30日 08:32, 转发 8,评论 3,
蔚屐纳,,2018年05月30日 15:28, 转发 21,评论 3,
风湿科聂医生,,2018年05月26日 20:38, 转发 13,评论 6,
喵播APP,#王凤雅小朋友去世#  近日，一篇名为“王凤雅小朋友之死”的文章在网上热传，文中称河南太康县一2岁半女童被诊断出患有视网膜母细胞瘤，其母杨美芹在获得15万捐款后却未救治眼球已脱出眼眶的女儿，反而去北京高端民营医院为儿子治疗兔唇。5月4日，不到3岁的女童离开人世。目前家属并未透露筹款金额和剩余资金，并拒绝退还。（图片来源@明白漫画）收起全文d,2018年05月25日 10:07, 转发 15,评论 17,//weibo.com/5948921016/GifMmDiSh
慕医康志伟,,2018年05月31日 11:48, 转发 9,评论 8,
她说,,2018年05月24日 17:29, 转发 314,评论 23,//weibo.com/5884508227/Gi9f86iei
上海热门资讯,,2018年05月24日 19:54, 转发 30,评论 14,//weibo.com/2256231983/Giac5AQxT
GossipBoi,,2018年05月24日 05:17, 转发 14,评论 ,
媒体人张晓磊,,2018年05月24日 20:07, 转发 23,评论 34,//weibo.com/1283431191/Giahq0rD1
刺萼龙逵152,,2018年06月09日 19:16, 转发 270,评论 291,//weibo.com/2408791330/GkAMwgU3R
午后的水妖,,2018年05月30日 09:29, 转发 12,评论 43,//weibo.com/1692919345/Gj0FCtV7g
热点微关注,,2018年05月24日 21:20, 转发 14,评论 4,
电影朱儿,,2018年05月27日 13:52, 转发 52,评论 1,
药师小熊,,2018年06月01日 10:45, 转发 12,评论 8,
界面文化,,2018年05月28日 14:49, 转发 20,评论 ,
演员雅,,2018年05月25日 12:38, 转发 60,评论 1,
娱乐圈小黄鸡,,2018年05月24日 15:25, 转发 23,评论 18,//weibo.com/6468307337/Gi8r3nL4o
五月的无敌Maius,,2018年06月21日 10:50, 转发 17,评论 ,
上海大树公益服务中心,关于眼睛肿瘤2岁女童“王凤雅”救助的情况说明2018年4月6日中午，我们接到其他公益机构志愿者求助：爱心人士陪同眼母细胞瘤患儿王凤雅及其妈妈杨美芹和爷爷来到北京就医，但是中间发生矛盾，孩子妈妈爷爷带着孩子从儿童医院门口打车离开。我们接到求助之后开始不断拨打爱心人士提供的孩子妈妈的电话但是一直无人接听，短信留言均无人回应。截止到4月8日仍然没有孩子任何消息，我们在微博@小希望之树和微信公众平台：小希望公益联盟发起#寻人启事#，希望能找到孩子紧急送医。4月8日下午接到志愿者传来的消息，孩子已经回老家。“小希望”团队随即联系志愿者@猎鹰连夜前往孩子家里了解情况，孩子家属表示不相信任何爱心志愿者，只跟正规注册的公益机构的工作人员谈救助事宜。@猎鹰立刻向上海正式注册的公益机构上海大树公益服务支持中心申请为王凤雅一家提供公益支持服务，大树公益本着儿童利益优先原则立即派工作人员赶去周口。4月9日，@猎鹰继续前往孩子家中做工作，一直关注凤雅爱心志愿者的协助联系北京各大医院，因为孩子情况极其危险，也就近联系了郑州各大的医院。孩子家属表示不信任任何人，不同意将孩子送医，表示要等孩子叔叔陪着志愿者前往医院看见医生确定医院同意收治住院之后才让妈妈带着孩子去医院。志愿者@猎鹰立即驱车带孩子叔叔前往郑大第一附院。大树公益工作人员因为路途遥远中午赶到孩子家中，继续说服家属送孩就医，下午孩子突然情况恶化我们叫来救护车，救护车建议先就近急救，送到最近的县医院抢救，大树公益本着儿童利益优先原则，紧急拨款2000元，用于孩子抢救。孩子于4月9日晚19点30分左右在县医院抢救无效死亡。在此感谢“小希望”团队志愿者的连夜奔波。另说明，无论是“小希望”团队还是大树公益均没有以“王凤雅”名义发起任何筹款。这次2000元紧急救助款和志愿者差旅费由大树公益出于“儿童利益优先为原则”和“关爱孩子之心”垫付。#因为我们在乎#收起全文d,2018年04月09日 22:49, 转发 56,评论 112,//weibo.com/5944623682/Gbl6Vfzex
上海大树公益服务中心,,2018年04月14日 21:19, 转发 133,评论 271,//weibo.com/5944623682/Gc5ESzvsD
上海大树公益服务中心,,2018年04月08日 12:53, 转发 10,评论 11,//weibo.com/5944623682/Gb7MB7oru
